assetid,balltype,teamcolor1g,teamcolor1r,clubworth,teamcolor2b,teamcolor2r,foundationyear,teamcolor3r,teamcolor1b,opponentweakthreshold,latitude,teamcolor3g,opponentstrongthreshold,teamcolor2g,teamname,teamcolor3b,defmentality,powid,defensivestyle,rightfreekicktakerid,flamethrowercannon,domesticprestige,genericint2,defensivedepth,hasvikingclap,jerseytype,popularity,hastifo,teamstadiumcapacity,iscompetitionscarfenabled,cityid,defensivewidth,rivalteam,isbannerenabled,midfieldrating,matchdayoverallrating,matchdaymidfieldrating,attackrating,playersinboxcorner,longitude,buspassing,matchdaydefenserating,defenserating,iscompetitionpoleflagenabled,skinnyflags,defteamwidth,longkicktakerid,bodytypeid,trait1vweak,busdribbling,rightcornerkicktakerid,suitvariationid,uefa_cl_wins,domesticcups,defaggression,ethnicity,leftcornerkicktakerid,youthdevelopment,teamid,uefa_el_wins,trait1vequal,suittypeid,numtransfersin,playersinboxfk,stanchionflamethrower,captainid,offensivestyle,personalityid,playersinboxcross,prev_el_champ,leftfreekicktakerid,leaguetitles,genericbanner,buspositioning,ccpositioning,busbuildupspeed,transferbudget,ccshooting,overallrating,offensivewidth,ccpassing,profitability,utcoffset,penaltytakerid,freekicktakerid,crowdskintonecode,defdefenderline,internationalprestige,trainingstadium,form,genericint1,cccrossing,trait1vstrong,matchdayattackrating
1,120,1,204,2400000,255,255,1886,210,1,5,51,10,3,255,Arsenal,10,68,-1,3,209781,4,8,-1,6,0,1,9,0,60260,0,285,4,18,1,83,82,83,84,2,0,30,81,81,0,0,32,209781,0,131714,46,203910,1,0,13,62,2,203910,4,1,0,131714,0,0,2,0,142784,0,0,2,0,209781,13,0,0,1,36,92500000,48,82,5,25,3,0,220245,176635,2,0,8,353,0,-1,42,263298,84
2,45,24,97,50000,211,153,1874,97,53,3,52,24,1,177,Aston Villa,53,45,-1,1,206517,4,8,-1,4,0,2,7,0,42785,2,54,4,109,2,73,73,74,74,2,-1,51,73,72,2,0,48,206517,2,1073280,54,210881,1,1,7,37,2,206517,5,2,0,1073280,2,0,2,0,186130,1,0,5,0,206517,7,0,0,0,52,5000000,48,73,4,57,9,0,186783,206517,2,0,2,353,0,-1,74,542848,75
3,45,76,1,15000,255,255,1875,1,182,3,53,76,3,255,Blackburn Rovers,202,46,-1,1,178417,4,10,-1,4,0,2,4,0,31154,2,55,4,1796,2,69,69,70,68,2,-2,50,69,68,2,0,52,178417,1,1073472,38,178417,1,0,6,45,2,211098,5,3,0,1073472,0,0,2,0,178417,1,0,2,0,178417,3,0,0,0,51,3900000,52,69,4,45,6,0,178417,178417,2,0,1,353,0,-1,68,545088,68
4,45,255,255,8000,63,8,1874,255,255,3,53,255,3,21,Bolton Wanderers,255,28,-1,0,203537,4,1,-1,3,0,2,4,0,28723,2,61,4,1917,2,69,68,69,67,2,-2,68,68,69,2,0,35,203060,1,286784,39,203060,1,0,4,30,2,203060,6,4,0,542784,2,0,2,0,165736,3,1,4,0,203537,0,0,0,0,72,2300000,79,69,4,79,8,0,186562,203537,2,0,1,353,0,-1,79,542784,64
5,120,61,1,2450000,255,255,1905,10,169,5,51,70,1,255,Chelsea,178,67,-1,1,51123,4,9,-1,4,0,1,9,0,40853,1,285,3,1,1,85,83,85,84,2,0,37,82,82,0,0,65,231493,1,164873,54,51123,1,1,8,65,4,51123,2,5,1,164873,2,0,2,0,241234,0,1,5,0,51123,6,0,0,0,40,95000000,35,83,4,35,3,0,51123,192638,2,0,9,353,0,-1,35,263177,85
7,120,54,1,1100000,255,255,1878,25,156,4,53,74,2,255,Everton,168,48,-1,1,184484,4,7,-1,6,0,2,7,0,39221,0,282,5,9,0,79,78,78,80,2,-2,36,77,78,0,0,31,184484,1,132136,32,184484,1,0,5,43,2,184484,5,7,0,1049640,0,0,2,0,180216,0,0,5,0,184484,9,0,0,0,38,75000000,53,79,5,33,4,0,184484,184484,2,0,6,353,0,-1,53,528424,79
8,45,255,255,65000,134,46,1919,235,255,3,53,225,3,67,Leeds United,1,59,-1,4,179591,4,7,-1,4,0,1,6,0,37890,2,269,4,1939,1,72,73,73,71,2,-1,51,75,73,2,0,34,179591,2,66705,44,179591,1,0,1,74,2,179591,6,8,0,73873,2,0,2,0,189456,1,1,2,0,179591,3,0,0,0,52,10500000,38,72,4,41,4,0,179591,179591,2,0,1,353,0,-1,44,559249,71
9,120,1,204,2350000,255,255,1892,225,1,4,53,10,2,255,Liverpool,10,66,-1,3,238067,4,9,-1,5,0,1,9,0,53394,1,282,5,11,0,82,83,83,85,2,-2,50,82,81,0,0,68,238067,1,164992,78,227503,1,5,7,68,2,227503,4,9,3,172160,2,0,2,0,233569,0,1,3,0,238067,18,0,0,1,51,90000000,62,83,5,65,4,0,233569,209331,2,0,8,353,0,-1,58,172160,85
10,120,177,133,2800000,255,255,1880,123,222,4,53,184,1,255,Manchester City,246,60,-1,3,187688,4,10,-1,4,0,2,9,0,55017,0,300,3,11,0,87,86,88,85,2,-2,30,84,83,0,0,38,184826,0,98976,52,187688,1,0,5,78,5,187688,3,10,0,98976,1,0,2,0,216497,0,1,5,0,187688,5,0,1,1,30,170000000,58,85,4,34,1,0,184826,192985,2,0,9,353,0,-1,48,99488,87
11,120,14,226,3519000,255,255,1878,1,14,5,53,1,1,255,Manchester United,1,47,-1,2,183130,0,10,-1,5,0,2,10,0,74879,0,300,5,9,0,84,83,83,84,2,-2,51,81,80,0,0,48,180283,1,1066244,60,183130,1,3,12,49,5,183130,4,11,1,1073412,0,0,2,0,185422,0,0,4,0,183130,20,0,0,1,53,175000000,48,83,6,69,2,0,180283,184941,2,0,10,353,0,-1,80,545028,84
12,45,25,224,180000,255,255,1876,235,34,5,54,25,3,255,Middlesbrough,34,29,-1,0,54013,4,9,-1,2,0,2,5,0,34000,2,315,2,13,2,72,72,73,73,2,-1,73,72,72,2,0,28,54013,1,1089602,50,54013,1,0,0,29,2,186385,5,12,0,544834,2,0,2,0,188168,2,1,2,0,193290,0,0,0,1,71,21200000,72,72,5,79,4,0,203304,54013,2,0,1,353,0,-1,70,544834,72
13,120,1,1,983000,255,255,1892,1,1,4,54,1,4,255,Newcastle United,1,46,-1,1,206085,4,5,-1,4,0,1,7,0,52354,0,342,4,106,0,76,75,75,76,3,-1,49,76,76,0,0,31,206085,2,1056784,33,206085,1,0,6,35,4,206085,5,13,0,1056784,0,0,2,0,206115,0,0,7,0,206085,4,0,0,0,51,40000000,31,76,4,55,9,0,206085,186395,2,0,3,353,0,-1,33,542736,76
14,45,36,221,80000,255,255,1865,210,33,4,52,36,9,255,Nottingham Forest,33,43,-1,1,210985,4,8,-1,4,0,2,5,0,30445,2,352,4,91,2,71,72,71,75,2,-1,40,69,69,2,0,45,210985,1,1049632,54,210985,0,2,2,39,4,210985,6,14,0,1082400,0,0,2,0,158902,0,0,5,0,210985,1,0,0,1,40,20800000,35,72,4,35,1,0,172960,210985,2,0,1,353,0,-1,35,565280,76
15,45,66,32,26000,255,255,1882,32,151,2,51,66,3,255,Queens Park Rangers,171,46,-1,1,203138,4,4,-1,4,0,2,3,0,18439,2,285,5,144,2,71,71,72,70,2,0,50,72,70,2,0,42,169078,1,155972,40,169078,0,0,0,49,2,169078,6,15,0,1073476,2,0,2,0,164855,1,0,2,0,169078,0,0,0,0,53,3800000,42,70,5,69,9,0,204276,169078,2,1,1,353,0,-1,70,1069380,71
17,120,1,221,981500,255,255,1885,221,1,5,50,1,3,255,Southampton,1,75,-1,2,205569,4,5,-1,5,0,1,6,0,32384,0,459,3,1790,0,77,77,77,76,2,-1,37,77,77,0,0,68,205569,1,132416,32,205569,0,0,1,58,2,205569,7,17,0,263488,0,0,2,0,169705,0,0,4,0,205569,0,0,0,0,38,50000000,38,77,3,38,7,0,195671,205569,2,0,4,353,0,-1,38,1057088,77
18,120,255,255,2375000,88,1,1882,255,255,5,51,255,3,26,Tottenham Hotspur,255,68,-1,3,190765,4,9,-1,5,0,1,8,0,62062,0,285,5,1,0,83,83,82,89,2,0,36,82,82,2,0,33,184200,1,132116,42,190765,1,0,8,63,4,190765,6,18,2,132116,0,0,2,0,188802,0,0,6,0,190765,2,0,0,1,38,85000000,33,83,5,33,5,0,184200,190460,2,0,8,353,0,-1,33,1056788,88
19,120,43,114,1050000,249,105,1895,120,69,4,51,50,2,183,West Ham United,80,45,-1,1,222492,4,6,-1,4,0,2,7,0,60000,0,285,3,97,0,78,79,79,80,2,0,52,77,77,0,0,59,204366,1,1056768,47,139313,1,0,3,43,4,139313,4,19,0,1056768,0,0,2,0,136113,0,0,5,0,222492,0,0,0,0,50,74000000,59,78,4,63,4,0,225719,152879,2,0,5,353,0,-1,47,544768,81
21,114,5,220,2815700,255,255,1900,203,45,6,48,48,2,255,Bayern München,66,74,-1,3,245665,4,10,-1,3,0,1,10,0,75000,1,333,3,22,1,85,86,85,90,2,11,33,86,85,1,0,49,231949,1,98948,53,245665,1,5,18,59,2,245665,5,21,1,295556,0,0,2,0,245665,3,0,2,0,245665,28,0,0,1,28,100000000,53,85,3,26,4,1,245665,197445,2,0,9,353,0,-1,49,282756,89
22,114,230,255,991909,1,1,1909,222,1,4,51,215,2,1,Borussia Dortmund,1,76,-1,1,229865,4,8,-1,6,0,2,9,0,81365,1,141,5,34,1,80,80,80,81,2,7,39,80,79,1,0,32,217225,1,295556,51,229865,0,1,4,52,2,229865,6,22,0,296068,1,0,2,0,241131,1,0,3,0,229865,8,0,0,1,37,60000000,42,80,5,32,3,1,217225,188350,2,0,7,353,0,-1,42,561284,80
23,114,1,1,326770,255,255,1900,1,1,5,51,120,3,255,Borussia M'gladbach,1,68,-1,4,144622,4,6,-1,5,0,2,7,1,54057,1,322,4,31,1,78,79,78,80,2,6,40,77,77,1,0,44,144622,2,66578,23,203486,1,0,3,64,2,203486,6,23,2,132114,1,0,2,0,177683,0,0,3,0,144622,5,0,0,1,39,25000000,54,78,5,34,6,1,203486,144622,2,0,5,353,0,-1,54,266258,80
25,114,1,228,125320,1,1,1904,255,43,3,47,255,6,1,SC Freiburg,255,46,-1,1,209846,4,1,-1,3,0,2,3,0,24000,1,168,3,36,1,73,73,74,74,2,7,50,73,74,1,0,47,189945,0,132098,45,209846,0,0,0,39,2,189945,10,25,0,1056770,2,0,2,0,190671,1,1,2,0,189945,0,0,0,1,53,10500000,47,74,3,39,7,1,183580,189945,2,0,2,353,0,-1,45,528386,72
27,76,96,40,10040,255,255,1965,15,233,2,54,64,2,255,Hansa Rostock,180,66,-1,4,234284,4,4,-1,6,0,2,5,0,29000,1,641,6,503,1,65,65,66,65,2,12,36,65,66,1,0,61,234284,1,1049728,30,234284,1,0,0,61,2,234284,7,27,0,148608,2,0,2,0,201815,0,0,6,0,234284,0,0,0,1,36,650000,31,65,7,31,7,1,199881,234284,2,0,1,353,0,-1,71,1056896,66
28,116,90,1,179410,255,255,1887,235,170,2,53,235,6,255,Hamburger SV,235,68,-1,3,158138,4,10,-1,7,0,2,8,0,57000,1,205,5,110329,1,72,73,72,71,2,9,40,71,70,1,0,31,158138,2,99345,50,225206,0,1,3,61,2,210822,6,28,0,164881,2,0,2,0,158138,0,0,4,0,210822,6,0,0,0,36,18000000,51,72,5,31,8,1,158138,158138,2,0,3,353,0,-1,51,172049,71
29,76,1,255,11180,255,255,1900,153,1,2,49,24,1,255,1. FC Kaiserslautern,65,76,-1,2,189383,4,10,-1,6,0,2,6,0,49850,1,238,4,169,1,66,67,67,67,2,7,52,66,67,1,0,34,189383,1,172033,64,137708,1,0,2,54,2,210304,9,29,0,303105,2,0,2,0,137708,1,0,4,0,189383,4,0,0,0,52,750000,64,66,5,41,7,1,137708,189383,2,0,1,353,0,-1,54,544769,70
31,116,1,255,159750,255,255,1948,225,1,5,50,14,1,255,1. FC Köln,14,76,-1,2,208334,4,10,-1,5,0,2,8,0,49968,1,249,7,23,1,74,75,73,75,2,6,36,75,75,1,0,46,210489,1,66560,50,210489,0,0,4,56,2,208334,5,31,0,295936,2,0,2,0,208334,0,1,3,0,210489,3,0,0,0,36,12500000,36,75,7,36,7,1,183714,210489,2,0,3,353,0,-1,36,1073152,77
32,114,1,255,420767,1,1,1904,255,1,3,51,255,3,1,Bayer 04 Leverkusen,255,68,-1,4,229906,4,7,-1,6,0,2,4,0,30210,1,277,6,31,1,80,78,78,79,2,7,50,77,79,1,0,60,229906,0,99456,70,212194,1,0,1,70,2,229906,7,32,1,172160,2,0,2,0,177457,1,0,4,0,229906,0,0,0,1,53,39000000,62,80,6,69,3,1,216466,229906,2,0,6,353,0,-1,60,135296,79
33,76,200,145,8080,255,255,1860,20,241,2,48,75,4,255,TSV 1860 München,175,67,-1,3,204763,4,7,-1,3,0,2,6,0,15000,1,333,5,172,1,64,64,64,67,2,11,71,64,63,1,0,62,204763,1,69760,72,212237,1,0,2,62,2,204763,9,33,0,168064,2,0,2,0,238752,2,1,6,0,244029,1,0,0,0,73,1000000,78,64,5,75,3,1,195262,204763,2,0,1,353,0,-1,32,526464,68
34,114,75,1,691050,255,255,1904,13,156,4,51,70,2,255,FC Schalke 04,223,75,-1,2,189251,4,8,-1,3,0,2,8,1,62271,1,178,4,22,1,79,78,76,79,2,7,50,79,80,1,0,40,171919,1,115713,70,197083,0,0,5,60,2,197083,8,34,1,303105,1,0,2,0,179783,1,0,4,0,171919,7,0,0,0,53,42000000,42,79,6,69,6,1,197083,171919,2,0,6,353,0,-1,50,542721,78
36,114,255,255,273120,41,211,1893,1,255,2,48,1,5,1,VfB Stuttgart,1,75,-1,2,221797,4,6,-1,5,0,2,7,0,60449,1,466,3,25,1,77,76,76,75,2,9,70,76,77,1,0,35,226851,1,181505,35,221797,1,0,3,55,4,221797,7,36,0,266497,1,0,2,0,158856,2,0,2,0,221797,5,0,0,0,70,20000000,77,77,5,69,4,1,150418,221797,2,0,4,353,0,-1,35,1052929,76
38,114,146,1,154600,255,255,1899,0,82,2,53,108,4,255,Werder Bremen,64,48,-1,1,183574,4,5,-1,5,0,2,5,0,42100,1,70,6,28,1,77,77,79,77,2,8,50,76,76,1,0,67,183574,1,99424,73,183574,1,0,6,35,2,183574,6,38,0,1106016,2,0,2,0,183574,1,1,5,0,183574,4,0,1,0,51,12000000,67,77,6,55,7,1,183574,183574,2,0,4,353,0,-1,73,282720,76
39,122,117,49,92000,1,1,1907,255,188,3,45,255,2,1,Atalanta,255,58,-1,4,200647,4,6,-1,5,0,2,5,0,24276,1,45,3,190,1,75,74,73,81,2,9,37,74,75,1,0,61,200647,1,99328,50,215259,1,0,1,71,2,215259,10,39,0,99328,0,0,2,0,215259,0,0,4,0,200647,0,0,1,1,36,8000000,31,76,3,31,8,1,200647,143076,2,0,3,353,0,-1,31,73728,80
44,122,87,30,499000,1,1,1908,255,153,3,45,255,2,1,Inter,255,46,-1,2,214026,4,9,-1,4,0,1,9,1,80018,1,316,4,47,1,81,82,80,87,2,9,67,82,82,1,0,56,223959,1,1073288,48,214026,1,3,7,45,4,214026,6,44,3,1069192,0,0,2,0,168609,0,0,5,0,214026,18,0,0,0,71,39000000,66,82,4,75,4,1,196978,216409,2,0,7,353,0,-1,78,1069192,87
45,122,255,255,1565000,1,1,1897,255,255,6,45,255,1,1,Juventus,255,66,-1,3,215590,4,10,-1,6,0,2,10,0,41475,1,485,4,44,1,85,85,84,89,2,7,38,85,85,1,0,47,212814,1,132096,21,215639,1,2,13,67,4,215639,5,45,3,132096,0,0,2,0,236242,3,0,6,0,215590,34,0,0,1,37,90000000,37,85,4,37,2,1,210047,211110,2,0,10,353,0,-1,37,526336,89
46,122,178,102,214000,255,255,1900,1,255,3,41,1,3,255,Lazio,1,49,-1,1,215330,4,7,-1,5,0,1,6,1,70634,1,408,5,52,1,81,80,80,82,2,12,36,79,79,1,0,31,183498,0,263216,47,188427,1,0,6,43,4,188427,5,46,0,1049648,0,0,2,0,188427,0,0,2,0,215330,2,0,0,1,38,17500000,53,80,5,33,5,1,175254,198706,2,0,6,353,0,-1,53,542768,80
47,122,2,247,740000,1,1,1899,255,1,3,45,255,2,1,Milan,255,74,-1,3,208128,4,7,-1,6,0,2,9,0,80018,1,316,5,44,1,80,80,80,83,2,9,51,79,79,1,0,60,208128,2,132096,40,208128,1,7,5,60,2,208128,5,47,0,270336,1,0,2,0,214997,0,1,3,0,208128,18,0,0,0,53,52000000,38,81,5,49,1,1,138412,202651,2,0,7,353,0,-1,40,1052672,83
48,122,120,38,423000,255,255,1926,66,191,4,40,146,1,255,Napoli,217,75,-1,2,210406,4,9,-1,5,0,1,8,0,60240,1,338,4,45,1,82,82,83,84,2,14,53,83,82,1,0,50,205175,2,181384,80,196889,1,0,5,60,2,196889,3,48,1,319624,0,0,2,0,205966,1,0,7,0,210406,2,0,0,0,53,40000000,70,82,4,69,3,1,205175,198219,2,1,7,353,0,-1,80,319624,84
50,122,212,255,26000,143,9,1913,255,0,2,44,255,4,48,Parma,255,49,-1,1,240095,4,4,-1,4,0,2,6,0,22352,1,653,6,189,1,71,73,72,75,2,10,66,70,69,1,0,63,240095,1,139264,59,240095,0,0,3,31,2,240095,4,50,2,1052672,1,0,2,0,138110,2,0,4,0,240095,0,0,0,0,66,4000000,73,73,6,61,2,1,199559,240095,2,0,2,353,0,-1,59,526336,75
52,122,0,102,512000,0,255,1927,255,0,4,41,255,1,142,Roma,255,76,-1,3,194794,4,9,-1,6,0,2,8,1,70634,1,408,5,46,1,81,80,81,81,2,12,52,81,81,1,0,42,159287,0,164996,42,194794,0,0,9,52,2,194794,4,52,0,286852,1,0,2,0,184190,0,1,3,0,194794,3,0,0,1,50,40000000,64,81,5,53,4,1,194794,185103,2,0,8,353,0,-1,72,266372,81
54,122,29,124,117000,255,255,1906,124,35,4,45,29,1,255,Torino,35,29,-1,0,173306,4,6,-1,2,0,1,5,0,27958,1,485,2,45,1,77,78,78,81,2,7,70,76,76,1,0,29,173306,1,1085448,65,205407,0,0,5,27,2,173306,6,54,0,561160,0,0,2,0,208596,2,1,2,0,205407,7,0,0,1,70,12000000,73,77,2,69,5,1,208596,173306,2,0,4,353,0,-1,35,559112,80
55,122,1,1,102000,255,255,1896,1,1,2,46,1,3,255,Udinese,1,44,-1,1,212616,4,5,-1,7,0,2,3,0,25144,1,499,6,52,1,75,74,75,75,2,13,51,73,73,1,0,58,161805,0,303104,64,212616,1,0,0,41,4,212616,7,55,0,1089536,0,0,2,0,224933,1,0,2,0,212616,0,0,0,0,52,7000000,58,74,6,41,9,1,224933,212616,2,0,3,353,0,-1,54,526336,76
57,137,112,32,20000,255,255,1905,1,184,2,47,116,3,255,AJ Auxerre,175,74,-1,2,204242,4,6,-1,4,0,2,4,0,21379,0,29,6,110569,1,70,68,68,72,2,3,66,67,68,0,0,31,204242,2,135425,31,204242,1,0,4,51,4,204242,9,57,0,266497,2,0,2,0,209691,2,1,4,0,204242,1,0,0,0,66,4666667,77,70,6,61,6,1,204242,204242,2,0,1,353,0,-1,31,526593,72
59,135,32,1,70000,255,255,1881,36,80,3,44,53,2,255,Girondins de Bordeaux,99,47,-1,1,237207,4,6,-1,3,0,2,5,0,42115,1,63,4,219,1,74,74,74,75,2,0,50,73,74,1,0,37,237207,1,303105,53,237207,1,0,4,35,2,237207,7,59,0,1056769,2,0,2,0,222411,1,0,2,0,237207,6,0,0,0,51,11112500,37,74,4,35,4,1,223510,237207,2,0,3,353,0,-1,53,1085441,76
62,135,2,221,26000,1,1,1912,255,19,2,48,255,1,1,En Avant Guingamp,255,44,-1,1,49488,4,4,-1,4,0,2,3,0,18462,1,201,5,378,1,74,73,74,76,2,-3,50,71,73,0,0,52,49488,1,1057026,48,49488,1,0,2,45,8,49488,5,62,0,1057026,0,0,2,0,204338,1,1,2,0,49488,0,0,0,0,51,5234667,52,74,5,45,6,1,183982,49488,2,0,2,353,0,-1,68,526594,76
64,137,1,184,25000,1,255,1906,182,28,2,50,25,2,213,RC Lens,44,67,-1,4,192824,4,9,-1,4,1,1,5,0,38223,1,274,5,65,1,69,69,70,68,2,2,38,69,67,1,0,59,192824,0,66692,53,192824,1,0,0,69,2,192824,6,64,0,132228,0,0,2,0,192824,0,0,5,0,192824,1,0,0,0,39,8500000,59,68,5,39,2,1,192824,192824,2,0,1,353,0,-1,59,132228,68
65,135,30,224,75000,106,36,1944,255,19,3,50,255,2,33,LOSC Lille,255,67,-1,4,183916,4,6,-1,5,0,1,5,0,50083,1,279,5,64,1,73,73,74,75,2,3,52,71,73,1,0,34,183916,1,132128,44,183916,0,0,6,64,2,183916,5,65,0,139296,1,0,2,0,200353,1,1,5,0,183916,3,0,0,1,52,10429688,64,73,5,41,5,1,183518,213874,2,0,4,353,0,-1,44,266272,75
66,135,255,255,240000,127,20,1950,180,255,2,45,1,2,56,Olympique Lyonnais,1,68,-1,4,216594,4,8,-1,4,1,1,7,0,59186,1,293,4,1819,1,80,78,79,81,2,4,53,76,77,1,0,49,216594,2,165002,79,216594,1,0,5,69,2,202556,9,66,0,172170,0,0,2,0,216594,1,0,4,0,202556,7,0,0,0,52,36420000,45,78,6,67,2,1,216594,216594,2,0,6,353,0,-1,39,299146,79
68,137,5,96,26000,255,255,1932,112,10,2,49,14,2,255,FC Metz,29,74,-1,2,112365,4,8,-1,5,0,1,3,0,24985,1,313,4,1823,1,69,70,69,70,2,6,37,71,71,0,0,70,112365,2,66704,54,210438,1,0,2,60,2,210438,7,68,0,296080,1,0,2,0,112365,0,1,3,0,112365,0,0,0,0,40,4610667,40,70,6,40,7,1,225293,112365,2,0,1,353,0,-1,40,1056912,71
69,135,30,224,500000,255,255,1924,250,35,2,43,33,1,255,AS Monaco,64,76,-1,2,194020,4,9,-1,4,0,1,6,0,18523,1,321,4,72,1,77,78,77,82,2,7,49,76,78,0,0,53,194020,0,181378,63,233550,1,0,5,53,2,233550,6,69,0,319618,2,0,2,0,238873,1,0,4,0,194020,8,0,0,0,51,50000000,61,78,6,35,3,1,194020,167397,2,0,6,353,0,-1,63,319618,82
70,135,90,1,43000,38,244,1974,255,148,3,43,255,2,148,Montpellier HSC,255,46,-1,1,193983,4,5,-1,3,0,2,5,0,22000,1,326,3,224,1,74,74,74,73,2,3,50,74,75,1,0,42,209288,1,270400,56,209288,1,0,2,41,2,209288,6,70,0,1056832,0,0,2,0,153260,1,1,2,0,193983,1,0,0,0,49,6808333,42,75,3,61,6,1,193983,193983,2,0,3,353,0,-1,56,528448,73
71,135,220,255,45000,44,1,1943,254,18,2,47,221,1,87,FC Nantes,57,66,-1,4,207924,4,5,-1,5,0,2,5,0,35322,1,337,3,74,1,74,75,74,77,2,-1,39,76,75,1,0,42,207924,1,148513,36,207924,1,0,3,62,2,223874,7,71,0,148513,2,0,2,0,223874,0,0,3,0,219693,8,0,0,0,37,6975000,52,75,5,32,6,1,204819,207924,2,0,2,353,0,-1,72,286753,75
72,135,1,204,50000,1,1,1904,201,1,2,43,18,2,1,OGC Nice,27,68,-1,4,186627,4,6,-1,6,1,2,4,0,36178,1,344,5,69,1,75,76,76,78,2,7,39,74,74,1,0,37,212886,1,132258,46,212886,0,0,3,67,9,212886,5,72,0,132258,1,0,2,0,158625,0,0,7,0,212886,4,0,0,0,37,8583333,57,75,5,37,5,1,186627,212886,2,0,3,353,0,-1,67,139426,78
73,135,62,1,2590000,41,200,1970,255,116,3,48,255,2,42,Paris Saint-Germain,255,58,-1,3,226131,4,10,-1,4,0,2,9,1,47929,1,373,3,219,1,84,85,85,86,2,2,28,83,82,1,0,40,226131,0,66176,24,240740,0,0,12,80,2,240740,3,73,0,66176,2,0,2,0,238205,0,1,5,0,226131,7,0,0,1,34,190882500,48,84,4,38,1,1,245770,190871,2,0,10,353,0,-1,40,131712,87
74,135,24,202,50000,1,1,1901,255,11,2,48,255,2,1,Stade Rennais,255,46,-1,1,187924,4,5,-1,4,0,1,4,0,29164,1,400,4,71,1,77,75,77,73,2,-1,49,73,74,0,0,31,214097,0,312580,33,187924,0,0,2,43,6,214097,8,74,0,1057028,0,0,2,0,190674,1,0,2,0,187924,0,0,0,1,51,8583333,31,75,4,63,5,1,161648,187924,2,0,3,353,0,-1,33,528644,72
76,135,102,51,30000,255,255,1906,1,204,3,48,159,7,255,RC Strasbourg,227,75,-1,2,235042,4,1,-1,4,0,2,4,0,27500,1,564,5,1823,1,71,72,71,71,2,7,49,73,73,1,0,31,235042,0,1049600,41,235042,0,0,3,51,2,208787,3,76,0,286720,1,0,2,0,209547,1,1,3,0,235042,1,0,0,0,49,5400000,31,72,6,31,6,1,204105,235042,2,0,1,353,0,-1,61,526336,71
77,67,0,240,9200,255,255,1903,255,0,4,57,0,3,255,Aberdeen,0,75,-1,2,242280,4,8,-1,4,0,2,5,0,20866,0,3,6,86,1,67,67,68,69,2,-2,52,65,67,0,0,42,200302,2,279636,32,204820,0,0,7,52,2,204820,4,77,0,286804,0,0,2,0,200302,1,0,2,0,200302,4,0,0,0,50,2500000,54,68,6,53,5,0,202526,200302,2,0,2,353,0,-1,72,526420,69
78,67,160,25,76000,255,255,1888,8,22,8,55,123,1,255,Celtic,16,60,-1,4,211093,4,10,-1,5,0,2,7,0,60411,1,186,5,86,1,75,73,73,73,2,-4,37,73,74,0,0,43,218745,2,66724,42,211093,1,1,38,73,2,211093,5,78,0,66724,0,0,2,0,134820,0,0,7,0,218745,49,0,0,0,38,12500000,33,74,5,33,2,0,233866,218745,2,0,4,353,0,-1,33,132260,72
80,67,0,120,6700,255,255,1874,80,41,2,55,12,3,255,Heart of Midlothian,35,47,-1,1,193206,4,7,-1,4,0,1,5,0,20099,2,148,3,81,2,67,68,69,68,2,-3,49,68,67,0,0,66,193206,1,116004,68,193206,1,0,8,33,2,193206,7,80,0,1106212,0,0,2,0,212516,1,0,2,0,211785,4,0,0,0,51,1600000,66,67,6,33,5,0,163209,211785,2,0,1,353,0,-1,68,543012,68
81,67,150,24,7200,255,255,1875,25,56,2,55,120,3,255,Hibernian,58,67,-1,4,225847,4,7,-1,4,0,2,5,0,20421,1,148,4,80,2,67,68,69,68,2,-3,51,65,65,0,0,50,225847,1,172160,50,225847,0,0,3,70,2,225847,4,81,0,155776,2,0,2,0,189110,1,1,2,0,225847,4,0,0,0,53,1200000,48,67,4,69,7,0,229728,225847,2,0,1,353,0,-1,80,1069184,70
82,67,12,12,5200,255,255,1869,19,205,2,55,50,3,255,Kilmarnock,150,76,-1,2,49045,4,6,-1,4,0,2,3,0,18128,0,247,3,184,0,67,65,66,72,2,-4,49,61,67,0,0,41,49045,1,296000,71,212680,1,0,3,51,2,212680,5,82,0,303168,2,0,2,0,49045,1,0,3,0,49045,1,0,1,0,49,850000,61,67,3,51,7,0,49045,49045,2,0,1,353,0,-1,51,1052736,72
83,67,159,255,2800,51,153,1886,251,2,2,55,180,4,0,Motherwell,20,48,-1,1,222109,4,5,-1,4,1,2,3,0,13677,2,331,4,184,2,65,65,65,64,2,-3,69,64,64,0,0,34,204787,0,1052744,52,189833,0,0,2,33,2,222109,5,83,0,1052744,1,0,2,0,169623,2,0,2,0,222109,1,0,0,0,67,900000,64,65,4,63,6,0,204787,222109,2,0,1,353,0,-1,62,1052744,64
86,67,80,50,37000,255,255,1872,50,210,4,55,80,2,255,Rangers,255,58,-1,3,195479,4,9,-1,5,0,2,7,0,50817,1,186,6,78,2,72,73,73,72,2,-4,40,74,72,0,0,59,195479,1,99488,53,224520,1,0,33,79,4,224520,5,86,0,99488,0,0,2,0,195479,0,0,7,0,195479,54,0,1,1,39,5500000,49,72,6,39,4,0,195479,195479,2,0,3,353,0,-1,49,282784,72
88,45,35,1,15000,255,255,1875,1,102,11,52,35,8,255,Birmingham City,163,49,-1,1,202541,4,5,-1,4,0,2,4,0,29409,2,54,6,2,2,69,69,69,69,2,-1,73,70,69,2,0,62,202541,0,1105920,56,234832,1,0,0,37,2,202541,5,88,0,1052672,0,0,2,0,191079,2,0,2,0,202541,0,0,0,0,69,3500000,72,69,6,67,7,0,176841,202541,2,0,2,353,0,-1,56,528384,70
89,45,28,212,5100,255,255,1905,242,43,2,51,28,2,255,Charlton Athletic,43,48,-1,1,190311,4,8,-1,4,0,2,5,0,27111,0,285,6,97,0,64,68,64,66,2,0,50,69,68,0,0,42,156894,0,296193,76,189868,1,0,1,41,2,189868,5,89,0,1089793,1,0,2,0,173614,1,0,2,0,190311,0,0,0,0,49,2100000,42,67,5,61,3,0,190311,190311,2,0,2,353,0,-1,46,545025,68
91,45,255,255,100000,1,1,1884,255,255,2,52,255,5,1,Derby County,255,76,-1,2,211513,4,8,-1,5,0,2,6,0,33597,2,134,4,14,2,71,71,71,71,2,-1,37,70,70,2,0,53,233064,1,132129,32,233064,1,0,1,53,2,233064,8,91,0,263201,0,0,2,0,163156,0,0,3,0,211513,2,0,0,0,38,14000000,33,71,4,33,4,0,165190,211513,2,0,1,353,0,-1,33,1056801,69
92,45,1,1,1762,255,255,1878,1,1,4,54,1,6,255,Grimsby Town,1,74,-1,2,214634,4,5,-1,7,0,2,4,0,9052,0,577,4,1949,2,62,60,61,63,2,0,67,61,62,0,0,46,214634,1,155648,76,214634,0,0,0,76,2,214634,4,92,0,299008,1,0,2,0,138151,2,0,3,0,214634,0,0,0,0,73,625000,62,62,4,72,6,0,208816,214634,2,0,1,353,0,-1,46,526336,61
94,45,85,30,17000,255,255,1878,30,150,3,52,85,3,255,Ipswich Town,165,76,-1,2,199748,4,4,-1,6,0,2,4,0,30311,2,229,5,1792,2,67,68,67,68,2,1,67,67,69,2,0,52,199748,1,266498,42,199748,1,0,1,52,2,202799,6,94,1,266498,2,0,2,0,162053,2,0,5,0,202799,1,0,0,0,71,3000000,74,69,5,75,9,0,203287,202799,2,0,1,353,0,-1,42,528642,67
95,120,101,57,979000,255,255,1884,57,189,5,52,101,3,255,Leicester City,189,46,-1,3,202166,4,5,-1,4,0,2,5,0,32273,0,272,4,14,0,78,77,77,79,2,-1,49,76,77,0,0,36,202166,1,1057024,56,202166,1,0,0,41,2,202166,4,95,0,1057024,0,0,2,0,202166,3,0,6,0,202166,1,0,0,0,49,55000000,36,78,4,61,5,0,186561,183130,2,0,5,353,0,-1,56,526592,78
97,45,36,33,10000,255,255,1885,33,115,2,51,36,3,255,Millwall,115,59,-1,4,205970,4,4,-1,4,0,2,4,0,20146,2,285,4,19,1,70,69,68,69,2,0,71,70,70,2,0,32,205970,1,69656,32,205970,1,0,0,72,2,205970,3,97,0,86040,2,0,2,0,162056,2,0,2,0,205970,0,0,0,0,67,2800000,74,69,4,63,7,0,223551,205970,2,0,1,353,0,-1,62,542744,68
106,45,1,231,12000,255,255,1879,221,1,4,54,1,3,255,Sunderland,1,29,-1,0,198335,4,9,-1,2,0,2,6,0,48707,2,467,3,13,2,68,67,67,64,2,-1,67,66,68,2,0,39,216270,1,1056832,60,198335,1,0,2,29,2,222528,3,106,0,528448,1,0,2,0,216270,2,0,2,0,167841,6,0,0,0,71,15000000,70,68,4,79,2,0,167841,167841,2,0,2,353,0,-1,60,544832,62
109,45,36,1,250000,255,255,1878,1,106,4,52,36,1,255,West Bromwich Albion,136,48,-1,1,52306,4,5,-1,3,0,2,5,0,26850,2,525,4,110,2,72,74,73,76,2,-1,50,76,75,2,0,47,52306,1,1073192,35,52306,0,0,5,39,9,188166,4,109,0,1073192,2,0,2,0,52306,1,0,2,0,52306,1,0,0,0,53,20500000,47,73,6,39,6,0,169792,52306,2,0,4,353,0,-1,35,542760,78
110,120,140,255,425000,1,1,1877,229,1,2,52,152,4,1,Wolverhampton Wanderers,59,66,-1,4,162347,1,3,-1,4,0,2,5,0,32050,0,531,6,109,0,78,77,79,76,2,-2,51,76,75,0,0,49,162347,1,1082392,79,221743,0,0,4,69,6,224293,5,110,0,172056,2,0,2,0,202048,1,0,3,0,224293,3,0,0,1,52,60000000,33,76,5,67,1,0,224293,162347,2,0,1,353,0,-1,49,139288,77
111,6,0,0,0,0,0,2000,0,0,0,0,0,0,0,OTP Generics,0,50,-1,0,1,4,0,-1,4,0,0,5,0,0,0,0,4,1318,0,0,0,0,0,2,0,50,0,0,0,0,50,1,1,0,50,1,0,0,0,50,2,1,5,111,0,0,0,0,2,2,1,0,1,2,0,1,0,0,0,0,50,250000,50,0,4,50,5,0,1,1,2,0,0,353,0,-1,50,0,0
112,6,0,0,0,0,0,2000,0,0,0,0,0,0,0,OTP Generics,0,50,-1,0,1,4,0,-1,4,0,0,5,0,0,0,0,4,1318,0,0,0,0,0,2,0,50,0,0,0,0,50,1,1,0,50,1,0,0,0,50,2,1,5,112,0,0,0,0,2,2,1,0,1,2,0,1,0,0,0,0,50,250000,50,0,4,50,5,0,1,1,2,0,0,353,0,-1,50,0,0
121,45,1,231,1517,255,255,1877,231,1,3,53,1,5,255,Crewe Alexandra,1,66,-1,4,226261,4,7,-1,5,0,2,4,0,10153,0,125,5,1928,2,57,61,57,62,2,-2,49,59,59,0,0,31,226261,1,73730,31,226261,1,0,0,61,2,223969,10,121,0,155650,0,0,2,0,203430,1,0,2,0,227929,0,0,0,0,49,600000,31,60,5,31,3,0,170252,226261,2,0,1,353,0,-1,61,528386,62
127,45,51,1,3300,0,255,1886,1,204,2,52,80,8,163,Shrewsbury Town,204,59,-1,4,167512,4,5,-1,5,0,2,2,0,9875,0,449,4,1803,0,64,66,66,63,2,-2,37,67,65,0,0,56,162899,1,66592,35,167512,1,0,0,76,2,167512,5,127,0,66592,2,0,2,0,162899,0,0,7,0,167512,0,0,1,0,36,600000,56,64,3,36,8,0,167512,167512,2,0,1,353,0,-1,56,66592,64
142,45,14,202,3200,255,255,1879,232,9,3,53,14,3,255,Doncaster Rovers,9,66,-1,4,190620,4,4,-1,6,0,2,3,0,15231,0,139,6,1797,0,65,66,67,64,2,-1,52,64,64,0,0,32,151270,1,132266,52,190620,1,0,0,62,2,151270,6,142,0,139434,2,0,2,0,179663,1,0,2,0,151270,0,0,0,1,50,750000,44,64,6,45,7,0,195126,151270,2,0,1,353,0,-1,52,1056938,70
143,45,28,227,2316,255,255,1901,227,38,3,51,28,3,255,Exeter City,38,67,-1,4,173666,4,5,-1,5,0,2,2,0,8541,0,159,3,1929,2,64,65,65,64,2,-4,38,66,64,0,0,35,173666,1,132098,29,198153,1,0,0,65,2,198153,7,143,0,132098,2,0,2,0,198153,0,0,6,0,173666,0,0,0,0,40,600000,35,64,3,35,10,0,195427,173666,2,0,1,353,0,-1,35,528386,64
144,120,255,255,410000,1,1,1879,255,255,2,51,255,5,1,Fulham,255,45,-1,1,195202,4,2,-1,6,0,2,4,0,25700,0,285,5,15,0,77,75,75,76,2,0,37,74,74,0,0,57,195202,1,132128,29,195202,1,0,0,39,4,195202,9,144,0,1049632,0,0,2,0,195202,0,0,4,0,195202,0,0,0,1,40,45000000,55,76,6,35,3,0,195202,195202,2,0,2,353,0,-1,55,270368,74
149,45,1,255,1910,255,255,1884,1,1,3,53,1,3,255,Lincoln City,1,66,-1,4,206086,4,8,-1,3,0,2,4,0,10120,0,603,3,92,1,64,65,65,64,2,0,69,66,65,0,0,56,173834,1,155674,46,206086,1,0,0,66,2,206523,4,149,0,151578,2,0,2,0,163445,2,1,4,0,206523,0,0,0,0,67,800000,80,64,5,67,4,0,186112,206523,2,0,1,353,0,-1,66,151578,65
159,116,81,1,12970,255,255,1905,1,147,2,52,1,3,255,Arminia Bielefeld,1,68,-1,4,202512,4,4,-1,6,0,2,5,0,26515,1,51,4,10030,1,67,69,68,70,2,8,51,70,69,1,0,59,202512,1,82978,39,195286,1,0,0,69,2,202512,3,159,0,155682,2,0,2,0,194015,1,0,2,0,211891,0,0,0,0,52,2300000,43,69,5,47,6,1,211891,202512,2,0,1,353,0,-1,69,542754,70
160,116,86,20,17450,255,255,1938,17,162,2,51,78,2,255,VfL Bochum,207,59,-1,3,177934,4,7,-1,5,0,2,5,0,27599,1,57,3,110636,1,71,71,73,71,2,7,66,69,68,1,0,47,177934,1,69764,47,182440,1,0,0,77,2,177934,7,160,0,86148,1,0,2,0,183987,2,0,5,0,177934,0,0,0,1,66,3280000,69,70,5,73,7,1,200433,177934,2,0,1,353,0,-1,77,155780,72
162,76,15,242,3700,255,255,1966,230,30,2,51,52,3,255,Energie Cottbus,20,75,-1,2,243739,4,4,-1,5,0,2,4,0,22528,1,683,6,503,1,63,62,62,64,2,14,70,63,62,1,0,67,243746,1,270464,47,243746,0,0,0,57,2,243746,9,162,0,266368,2,0,2,0,170591,2,1,3,0,243746,0,0,0,1,70,500000,73,62,5,65,10,1,243743,243746,2,0,1,353,0,-1,47,266368,61
165,116,153,1,15400,38,37,1903,255,50,2,49,255,3,87,SpVgg Greuther Fürth,255,29,-1,0,224423,4,5,-1,2,0,2,2,0,18000,1,172,3,171,1,67,69,68,67,2,10,71,70,69,1,0,38,224423,1,1057028,40,224423,0,0,0,22,4,224423,10,165,0,526596,2,0,2,0,150415,3,0,2,0,224423,3,0,0,0,73,1900000,80,68,3,80,8,1,238924,224423,2,0,1,353,0,-1,40,526596,69
166,114,77,0,153020,255,255,1892,15,158,3,52,55,2,255,Hertha BSC,160,66,-1,4,192557,4,6,-1,4,0,1,5,0,74649,1,47,5,34,1,74,77,74,77,2,13,51,78,78,1,0,62,192557,2,1098832,72,192557,1,0,0,62,2,192557,6,166,0,172112,2,0,2,0,162369,1,0,5,0,192557,2,0,0,0,50,12000000,68,76,5,65,7,1,158232,192557,2,0,4,353,0,-1,52,542800,76
167,76,5,230,6500,230,1,1905,5,25,2,51,132,4,160,KFC Uerdingen 05,240,59,-1,3,193426,4,8,-1,7,0,2,3,0,31500,1,684,5,110169,1,66,67,68,66,2,6,67,68,67,1,0,34,189464,2,66560,44,189464,0,0,1,74,2,189464,2,167,0,69632,2,0,2,0,200917,2,1,5,0,189464,0,0,0,1,69,1300000,70,66,4,67,1,1,193426,189464,2,0,1,353,0,-1,44,266240,66
169,114,255,255,128047,30,195,1905,230,255,5,49,1,4,20,1. FSV Mainz 05,1,67,-1,4,189043,4,4,-1,4,0,2,3,0,33305,1,296,5,1824,1,72,74,72,72,2,8,53,75,75,1,0,56,189043,1,106498,66,189043,0,0,0,66,2,236295,5,169,0,172034,2,0,2,0,198352,1,0,4,0,189043,0,0,0,0,49,9200000,50,74,4,37,8,1,189043,189043,2,0,3,353,0,-1,56,526338,72
171,114,16,194,66100,255,255,1900,1,43,4,49,1,9,255,1. FC Nürnberg,1,58,-1,4,208730,4,2,-1,3,0,2,5,0,50000,1,355,2,165,1,72,72,71,73,2,11,72,72,72,1,0,65,208730,1,99344,55,208730,0,0,4,75,2,221201,5,171,0,69648,2,0,2,0,193425,2,0,3,0,221201,9,0,0,1,68,5400000,67,72,6,69,8,1,206626,208730,2,0,1,353,0,-1,55,135184,73
172,76,1,245,3725,235,50,1925,255,43,2,48,255,2,80,SpVgg Unterhaching,255,48,-1,1,189209,4,5,-1,4,0,1,2,0,15053,1,655,5,550,1,64,65,64,69,2,11,36,64,64,1,0,41,189209,1,132120,32,189209,1,0,0,43,2,189209,8,172,0,1049624,2,0,2,0,238964,0,0,5,0,189209,0,0,0,0,38,580000,33,65,5,33,5,1,198104,189209,2,0,1,353,0,-1,33,1052696,69
175,114,180,10,303110,255,255,1945,90,45,5,52,225,2,255,VfL Wolfsburg,2,47,-1,1,206511,4,5,-1,3,0,2,4,0,30000,1,530,6,485,1,77,78,78,75,2,10,53,76,76,1,0,40,206511,1,148481,36,206511,1,0,1,37,2,206511,6,175,0,1056769,0,0,2,0,188005,1,0,2,0,206511,1,0,0,0,49,40000000,40,77,6,57,2,1,206511,206511,2,0,4,353,0,-1,36,542721,74
180,67,25,25,2100,255,255,1893,15,112,1,56,40,4,255,Dundee FC,150,45,-1,1,173654,4,3,-1,4,0,2,3,0,11506,2,146,4,100804,0,61,63,61,64,2,-2,73,61,63,0,0,46,173654,0,1069188,57,173654,1,0,1,51,2,173654,6,180,0,1069188,1,0,2,0,204622,2,0,3,0,173654,1,0,0,0,70,750000,76,64,4,61,6,0,173654,173654,2,0,1,353,0,-1,77,544900,64
184,67,10,240,2100,255,255,1874,200,12,1,55,10,4,255,Hamilton Academical,12,28,-1,0,186842,4,1,-1,2,0,2,1,0,5510,2,206,2,83,0,61,61,61,60,2,-4,72,60,60,0,0,25,223396,1,575744,49,186842,1,0,0,30,2,186842,9,184,0,542976,2,0,2,0,186842,3,0,2,0,186842,0,0,1,0,70,500000,69,61,3,49,9,0,186842,186842,2,0,1,353,0,-1,69,542976,60
189,122,64,0,85000,17,172,1909,255,128,1,44,255,4,20,Bologna,255,75,-1,2,152999,4,4,-1,7,0,2,5,0,36462,1,60,6,50,1,75,74,73,75,2,11,38,75,76,1,0,52,185174,0,66580,46,138699,0,0,2,52,4,213629,5,189,0,263188,0,0,2,0,138699,0,1,6,0,152999,7,0,0,0,37,12696875,32,75,6,32,4,1,138699,152999,2,0,2,353,0,-1,32,528404,75
190,6,129,0,25000,255,255,1911,0,253,3,45,129,5,255,Brescia,253,45,-1,1,242269,4,7,-1,4,0,2,3,0,16743,1,71,5,39,1,67,68,68,72,2,10,69,67,68,1,0,50,242269,0,319617,74,242269,1,0,0,37,2,242269,5,190,0,1101953,0,0,2,0,137410,2,0,2,0,242269,0,0,0,0,67,7625000,80,68,6,67,3,1,220829,242269,2,1,2,353,0,-1,74,542849,73
191,77,0,197,60000,255,255,1933,50,11,1,47,60,2,255,Red Bull Salzburg,124,75,-1,2,173474,4,10,-1,7,0,2,4,0,30188,1,418,5,254,1,73,73,74,71,2,12,39,73,72,1,0,58,173474,1,296096,47,173474,1,0,5,58,2,173474,3,191,0,263328,2,0,2,0,169324,0,0,4,0,173474,12,0,0,1,38,13800000,38,72,5,38,2,1,208498,173474,2,0,6,353,0,-1,38,139424,72
192,122,223,255,67000,153,0,1929,0,0,3,45,86,2,86,Chievo Verona,153,74,-1,2,176104,4,3,-1,7,0,1,2,0,31045,1,511,4,206,1,75,75,75,75,2,10,71,70,70,1,0,48,176104,1,1052672,58,176104,0,0,0,58,2,176104,4,192,0,282624,1,0,2,0,172233,2,0,4,0,176104,0,0,0,0,67,4600000,66,75,4,75,8,1,176104,176104,2,0,2,353,0,-1,78,526336,76
199,6,0,226,16000,255,255,1905,226,26,2,43,0,4,255,Perugia,26,25,-1,0,223330,4,6,-1,2,0,2,5,0,23625,1,377,2,110373,1,67,68,67,69,2,12,70,68,68,1,0,29,223330,0,167952,41,237202,0,0,0,22,5,237202,5,199,0,528400,2,0,2,0,184320,2,0,2,0,223330,0,0,0,0,70,5024000,61,68,3,61,4,1,220671,223330,2,0,1,353,0,-1,41,544784,69
200,6,185,0,25000,255,255,1936,2,234,1,42,76,4,255,Pescara,161,58,-1,4,205726,4,7,-1,5,0,2,3,0,20486,1,378,5,46,1,69,68,70,67,2,14,71,67,68,1,0,48,205726,1,118784,78,240215,1,0,0,78,2,240215,6,200,0,118784,0,0,2,0,205726,2,1,5,0,205726,0,0,0,0,67,6083333,66,68,5,63,5,1,224508,205726,2,0,1,353,0,-1,78,102400,69
205,6,1,1,22000,54,255,1907,0,1,3,45,128,5,128,Venezia,30,48,-1,1,157741,4,8,-1,4,0,2,3,0,7426,1,651,6,206,1,68,68,67,69,2,12,36,69,70,1,0,56,157741,1,1049600,25,157741,1,0,1,41,2,157741,4,205,0,1049600,0,0,2,0,51101,0,0,4,0,157741,0,0,0,0,36,7876000,36,68,6,36,2,1,157741,157741,2,0,1,353,0,-1,36,1056768,69
206,6,229,255,65000,148,0,1903,0,7,2,45,62,3,76,Hellas Verona,117,76,-1,2,204616,4,10,-1,4,0,2,4,0,31045,1,511,5,192,1,68,71,71,72,2,10,40,70,70,1,0,56,204616,0,164868,50,201363,1,0,0,56,2,201363,5,206,0,312324,0,0,2,0,199174,0,0,2,0,204616,1,0,0,1,36,9404688,36,70,5,36,5,1,186614,204616,2,0,2,353,0,-1,66,266244,73
209,77,1,1,18500,255,255,1909,25,1,3,47,25,2,255,Sturm Graz,25,45,-1,1,221931,4,8,-1,4,0,2,6,0,15400,1,194,6,254,1,68,68,69,67,2,15,69,69,69,1,0,50,221931,2,106520,50,190589,1,0,5,49,2,221931,5,209,0,1052696,1,0,2,0,190589,2,0,2,0,221931,3,0,0,0,73,5050000,80,68,6,79,5,1,221931,221931,2,0,3,353,0,-1,50,1069080,71
210,135,24,5,32000,6,229,1913,255,62,4,49,255,3,5,SM Caen,255,25,-1,0,205083,4,3,-1,2,0,1,2,0,20300,1,89,3,1738,1,73,74,74,73,2,0,67,73,73,0,0,34,206577,0,1057088,31,205083,1,0,0,29,2,205083,5,210,0,526656,2,0,2,0,183453,3,1,2,0,205083,0,0,0,0,73,5653333,71,73,3,51,6,1,183068,205083,2,0,1,353,0,-1,31,526656,75
211,77,77,12,90000,255,255,1945,12,162,1,45,77,2,255,Dinamo Zagreb,162,74,-1,2,244260,0,10,-1,4,0,0,5,0,35423,1,700,4,101047,1,71,72,71,71,2,16,49,72,72,1,0,41,244260,1,132100,31,244260,1,0,15,51,4,244260,8,211,0,270340,0,0,2,0,216350,1,1,4,0,244260,19,0,0,0,49,9585000,61,72,5,51,7,1,179565,244260,2,0,4,353,0,-1,31,1052676,71
212,137,42,30,8000,28,228,1916,255,99,1,46,255,3,28,LB Châteauroux,255,28,-1,0,192608,4,3,-1,2,0,2,1,0,17000,0,638,3,112276,1,62,63,61,66,2,1,51,62,63,0,0,27,192608,0,270656,54,192608,1,0,0,20,2,192608,2,212,0,532800,0,0,2,0,206139,1,0,2,0,192608,0,0,0,0,52,2300000,68,64,3,57,8,1,163713,192608,2,0,1,353,0,-1,54,526656,66
217,137,103,235,18000,1,1,1926,255,11,2,47,255,1,1,FC Lorient,255,60,-1,4,183287,4,8,-1,5,0,2,3,0,18500,1,287,4,74,1,69,71,69,69,2,-3,39,70,69,0,0,39,183287,1,66564,23,183287,0,0,1,79,2,183287,6,217,0,66564,1,0,2,0,183287,0,0,6,0,183287,0,0,0,0,39,5436000,39,69,4,39,4,1,203699,183287,2,0,1,353,0,-1,39,270340,71
219,135,255,255,180000,220,1,1899,102,255,2,43,204,2,157,Olympique de Marseille,255,44,-1,1,177388,4,7,-1,4,0,2,8,1,67394,1,306,5,73,1,81,80,83,78,2,5,36,78,77,1,0,51,177388,0,99328,49,177388,1,1,10,66,2,204970,3,219,0,1049600,0,0,2,0,177388,0,0,5,0,177388,9,0,0,0,40,21168000,40,79,5,40,4,1,177388,177388,2,0,5,353,0,-1,40,532480,78
224,135,51,238,20000,255,255,1937,228,36,2,43,33,2,255,Nîmes Olympique,19,68,-1,4,205686,4,1,-1,6,0,2,2,0,18482,1,347,4,70,1,71,69,71,70,2,4,50,66,68,1,0,65,205686,0,188544,45,205686,1,0,0,65,2,205686,4,224,0,155776,2,0,2,0,223138,1,0,5,0,205686,0,0,0,0,53,4066667,37,70,4,59,7,1,205686,205686,2,0,1,353,0,-1,75,1052800,71
226,137,221,255,16000,94,9,1928,234,23,2,47,234,2,35,FC Sochaux,1,43,-1,1,228544,4,6,-1,4,0,2,3,0,20005,0,323,4,1823,1,64,65,64,66,2,6,53,63,65,0,0,65,228544,1,1049616,41,228544,0,0,2,47,2,228544,6,226,0,1056784,1,0,2,0,231841,1,0,2,0,228544,2,0,0,0,49,4074667,65,66,5,67,6,1,213930,228544,2,0,1,353,0,-1,41,266256,66
229,70,48,94,265000,255,255,1908,114,111,5,50,68,1,255,Anderlecht,131,68,-1,4,203886,4,10,-1,5,0,2,7,0,20500,1,79,4,232,1,72,72,72,74,2,4,38,71,72,1,0,54,203886,2,132098,48,203886,1,0,9,64,2,203886,6,229,1,132098,2,0,2,0,203886,0,1,6,0,203886,34,0,0,0,39,16191500,54,73,4,34,9,1,231745,203886,2,0,7,353,0,-1,54,270338,71
230,70,29,238,8000,250,250,1880,253,29,2,51,65,3,250,Antwerp,65,60,-1,3,195065,4,2,-1,4,0,2,4,0,16144,1,616,3,231,1,71,73,73,72,2,4,51,72,70,1,0,42,195065,1,66576,42,195065,0,0,2,72,2,195065,2,230,0,73744,2,0,2,0,162221,1,0,5,0,195065,4,0,0,1,50,3100000,48,71,4,65,4,1,195065,195065,2,0,1,353,0,-1,42,135184,75
231,70,105,3,125000,1,1,1891,255,180,4,51,255,1,1,Club Brugge,255,58,-1,4,178415,4,9,-1,5,0,2,5,0,29062,2,78,3,229,2,75,74,75,74,2,3,53,75,74,2,0,36,178415,1,115840,66,178415,1,0,11,76,2,200155,4,231,0,106624,0,0,2,0,178415,1,0,4,0,178415,15,0,0,0,49,13500000,70,74,3,37,4,1,239593,178415,2,0,5,353,0,-1,46,1089664,74
232,70,1,204,49000,255,255,1898,180,12,5,50,30,5,255,Standard Liège,42,67,-1,4,187858,4,7,-1,6,0,2,6,0,27670,1,278,4,229,1,73,73,73,72,2,5,67,72,72,1,0,36,187858,0,172032,66,187858,1,0,8,66,2,187858,4,232,0,167936,0,0,2,0,187858,2,1,4,0,187858,10,0,0,0,71,8500000,62,73,4,67,5,1,187858,187858,2,0,4,353,0,-1,56,526336,71
234,123,37,220,207000,255,255,1904,220,25,4,39,37,2,255,SL Benfica,25,58,-1,4,210035,0,10,-1,5,0,1,8,0,64642,1,281,4,236,1,79,79,79,80,2,-9,53,79,79,1,0,56,197965,2,66722,46,197965,0,2,26,76,2,197965,7,234,0,73890,0,0,2,0,168530,1,0,6,0,197965,36,0,0,0,49,16000000,50,79,5,37,8,0,213432,210035,2,0,7,353,0,-1,46,532642,80
236,123,95,0,197000,255,255,1893,30,167,4,41,70,3,255,FC Porto,150,67,-1,4,212462,0,10,-1,6,0,2,8,0,50033,1,385,3,234,1,80,80,80,79,2,-8,49,79,79,1,0,58,198031,1,165025,68,212462,1,2,16,68,4,198031,6,236,2,188577,0,0,2,0,156519,1,1,2,0,198031,28,0,0,0,51,19000000,56,80,5,33,5,0,184267,198031,2,0,8,353,0,-1,68,1073313,79
237,123,101,2,185000,255,255,1906,30,73,5,39,140,2,255,Sporting CP,0,66,-1,4,112316,0,9,-1,6,0,2,7,0,50095,1,281,4,234,1,79,79,79,79,2,-9,37,78,78,1,0,40,212198,1,164896,24,212198,1,0,16,70,4,224334,7,237,0,148512,0,0,2,0,139068,0,1,5,0,212198,18,0,0,0,40,18300000,40,79,4,40,5,0,189068,212198,2,0,4,353,0,-1,70,1073184,79
240,121,0,255,1190000,255,255,1903,255,0,1,40,254,2,255,Atlético de Madrid,254,66,-1,1,199354,4,9,-1,6,0,2,9,0,68000,2,295,5,243,1,83,84,83,87,2,-3,49,84,84,0,0,56,216393,0,1089672,46,216393,0,0,10,66,4,216393,5,240,3,155784,0,0,2,0,205976,1,1,3,1,199354,10,0,0,0,49,68573750,66,84,5,41,4,1,199354,194765,2,0,9,353,0,-1,66,542856,86
241,121,57,3,3460000,60,154,1899,255,128,3,41,231,1,0,FC Barcelona,0,74,-1,3,212404,4,10,-1,4,0,2,10,0,99354,2,36,3,243,1,86,86,86,87,2,2,32,85,85,2,0,55,212404,0,98848,54,212404,1,5,30,55,2,212404,8,241,0,295456,0,0,2,0,212404,0,0,5,0,212404,25,0,1,1,31,187854933,52,86,4,29,2,1,177413,158023,2,0,10,353,0,-1,55,1049120,89
242,121,91,47,90000,255,255,1906,250,214,3,43,250,3,255,RC Deportivo,255,48,-1,1,216796,4,10,-1,4,0,2,6,0,32660,2,257,6,450,1,75,72,74,73,2,-8,49,71,71,2,0,31,216796,1,1066056,51,216796,1,0,2,31,2,216796,5,242,0,1073224,2,0,2,0,178625,1,0,2,0,216796,1,0,0,0,49,9585000,31,73,6,31,7,1,210930,216796,2,0,2,353,0,-1,61,548936,73
243,121,255,255,3480850,200,110,1902,225,255,3,40,225,1,20,Real Madrid,255,76,-1,2,193348,4,10,-1,4,0,2,10,1,81044,2,295,4,241,1,89,86,89,84,2,-3,37,86,86,2,0,41,193348,1,180896,50,193348,1,13,19,51,2,193348,6,243,2,312480,0,0,2,0,220407,2,0,4,0,193348,33,0,0,1,36,188454727,51,86,5,31,2,1,181820,173731,2,0,10,353,0,-1,71,1073312,84
244,121,72,12,7000,255,255,1932,244,182,1,41,244,6,255,Real Zaragoza,255,67,-1,4,162047,4,8,-1,4,0,2,5,0,33608,2,537,5,110839,1,70,69,68,72,2,0,38,70,69,2,0,35,194329,1,66688,54,162047,1,0,6,65,2,162047,5,244,0,132224,2,0,2,0,162047,0,1,2,0,162047,0,0,0,0,40,2702000,35,70,5,35,5,1,162047,162047,2,0,1,353,0,-1,35,132224,69
245,118,20,225,284000,255,255,1900,30,20,5,52,30,1,255,Ajax,30,60,-1,4,208670,4,10,-1,7,0,2,8,0,54846,2,16,5,246,2,77,78,78,78,2,4,36,78,76,2,0,61,172143,0,98968,50,172143,0,4,18,71,2,208670,9,245,1,99480,0,0,2,0,235243,0,0,7,0,172143,33,0,0,1,36,26500000,51,77,6,31,5,1,148803,208670,2,0,5,353,0,-1,51,165016,79
246,118,255,255,175000,45,225,1908,50,255,8,51,158,3,24,Feyenoord,50,48,-1,1,200260,4,10,-1,4,0,2,7,0,51117,2,412,4,245,2,75,75,76,77,2,4,39,73,73,2,0,54,200260,0,132258,53,200260,1,1,13,41,4,200260,9,246,2,1082530,0,0,2,0,199852,0,0,5,0,203535,15,0,0,0,39,14050000,44,75,5,34,8,1,200260,200260,2,0,4,353,0,-1,44,1056930,77
247,118,1,232,220000,255,255,1913,77,1,9,51,197,1,255,PSV,211,67,-1,4,229636,4,10,-1,6,0,2,7,0,35000,2,150,3,245,2,75,77,78,78,2,5,39,75,74,2,0,42,229636,1,132248,41,229636,1,1,9,62,2,220651,7,247,1,132248,0,0,2,0,189805,0,0,7,0,229636,24,0,0,1,37,19000000,32,76,3,32,6,1,229636,229636,2,0,5,353,0,-1,32,270488,81
252,77,1,1,9700,255,255,1908,204,1,1,48,1,2,255,LASK,1,58,-1,4,221944,4,3,-1,5,0,2,4,0,6009,1,639,3,191,1,65,66,65,65,2,14,50,64,65,1,0,66,221944,0,106496,46,221944,1,0,1,76,2,221944,5,252,0,73728,2,0,2,0,199813,1,0,5,0,221944,1,0,0,0,49,3200000,62,65,3,61,6,1,221944,221944,2,0,1,353,0,-1,46,90112,69
254,77,145,41,27000,255,255,1899,52,117,5,48,195,1,255,Rapid Wien,130,47,-1,1,210313,4,9,-1,4,0,2,6,0,28600,1,527,6,256,1,69,69,70,72,2,16,49,68,68,1,0,51,204688,1,99361,31,210313,0,0,14,31,2,210313,5,254,0,1073185,2,0,2,0,204688,1,0,2,0,210313,32,0,1,0,49,5200000,51,69,6,31,6,1,204688,210313,2,0,4,353,0,-1,61,1069089,72
256,77,35,110,21000,255,255,1911,110,100,1,48,35,2,255,Austria Wien,100,74,-1,2,183644,4,7,-1,4,0,2,5,0,17500,1,527,5,254,1,69,69,70,68,2,16,39,67,66,1,0,54,183644,0,99361,53,183644,1,0,27,54,2,232843,7,256,0,295969,1,0,2,0,183644,0,0,5,0,183644,24,0,0,1,39,4700000,34,68,5,34,6,1,219755,183644,2,0,4,353,0,-1,34,528417,68
260,121,89,0,5000,255,255,1922,244,169,2,28,244,3,255,CD Tenerife,255,67,-1,4,210171,4,7,-1,5,0,2,4,0,23000,2,430,6,472,1,71,70,71,70,2,-16,68,69,69,2,0,61,242201,0,119080,71,210171,0,0,0,61,2,210171,6,260,0,184616,0,0,2,0,177522,2,0,4,0,210171,0,0,0,0,72,2000000,71,70,6,61,6,0,210171,210171,2,0,1,353,0,-1,71,287016,69
266,48,12,207,36000,255,255,1892,207,22,1,50,12,1,255,Slavia Praha,22,74,-1,2,186119,0,6,-1,3,0,2,5,0,19084,1,654,4,267,1,72,72,72,74,2,14,52,72,72,1,0,52,186119,1,132096,52,189600,0,0,8,52,2,186119,5,266,0,270336,2,0,2,0,189600,1,0,4,0,186119,0,0,0,0,50,5472000,54,72,4,33,7,2,183211,186119,2,0,3,353,0,-1,52,1052672,74
267,119,12,190,40000,26,250,1893,1,22,3,50,102,5,166,Sparta Praha,179,48,-1,1,212207,4,10,-1,4,0,2,6,0,19416,1,654,6,101059,1,71,70,71,69,2,14,66,70,70,1,0,47,213353,2,1085441,41,212207,1,0,20,47,2,212207,5,267,0,1069057,2,0,2,0,189480,2,0,3,0,212207,36,0,0,0,66,6533333,77,70,6,77,6,2,189480,212207,2,0,4,353,0,-1,61,542721,69
269,150,234,254,16590,119,3,1964,253,1,5,55,234,2,66,Brøndby IF,69,59,-1,4,210021,4,10,-1,5,0,2,5,0,28000,1,77,5,819,1,70,68,69,68,2,12,53,66,70,1,0,69,210021,1,69796,59,221924,1,0,7,79,2,210021,4,269,0,73892,2,0,2,0,198455,1,1,5,0,210021,10,0,0,1,52,2800000,65,69,5,67,2,1,210021,210021,2,0,2,353,0,-1,59,69796,67
271,150,51,51,5700,255,255,1880,59,102,4,56,49,1,255,Aarhus GF,99,47,-1,1,191154,4,6,-1,4,0,2,4,0,19433,0,2,3,269,1,66,63,65,65,2,10,67,62,65,1,0,48,191154,0,73728,44,191154,1,0,9,41,9,191154,7,271,0,1069056,2,0,2,0,172520,2,1,2,0,191154,5,0,0,0,71,650000,78,65,4,71,5,1,191154,191154,2,0,1,353,0,-1,74,526336,65
272,150,100,28,4250,255,255,1887,68,162,3,55,147,4,255,Odense Boldklub,242,74,-1,2,205535,4,6,-1,4,0,2,3,0,15790,0,356,6,269,1,66,65,64,67,2,10,68,63,64,1,0,37,205535,1,266272,37,205535,1,0,5,57,2,205535,7,272,0,266272,1,0,2,0,155541,2,0,2,0,205535,3,0,0,0,72,900000,63,66,6,65,6,1,184143,205535,2,0,1,353,0,-1,37,542752,65
278,119,213,251,8300,10,10,1924,238,13,4,38,241,2,10,AEK Athens,170,74,-1,2,192102,4,6,-1,6,0,2,4,0,69618,1,27,4,1884,1,73,73,73,74,2,23,52,72,72,1,0,42,239845,0,139520,52,192102,1,0,15,52,2,208224,4,278,0,270592,0,0,2,0,208224,1,1,2,0,208224,12,0,0,0,50,3212100,54,73,4,65,4,2,205855,208224,9,0,2,353,0,-1,52,270592,74
280,77,0,234,159000,255,255,1925,255,24,1,37,0,2,255,Olympiacos CFP,0,58,-1,4,203980,4,10,-1,5,0,2,7,0,33110,1,380,6,1884,1,75,75,75,75,2,23,37,72,72,1,0,55,178115,1,83089,49,203980,0,0,27,75,2,232223,2,280,0,83089,1,0,2,0,203980,0,0,6,0,203980,44,0,0,0,40,14918970,55,75,6,35,6,2,203980,203980,9,0,6,353,0,-1,65,1073297,75
294,137,77,42,20000,255,255,1986,6,136,1,48,127,4,255,ESTAC Troyes,208,66,-1,4,3665,4,9,-1,4,0,2,1,0,20400,0,494,3,379,1,69,70,69,70,2,4,39,70,69,0,0,57,3665,1,148500,26,216482,1,0,0,67,2,3665,4,294,0,148500,2,0,2,0,3665,0,0,6,0,3665,0,0,0,0,37,5333333,37,69,5,37,5,1,3665,3665,2,0,1,353,0,-1,67,279572,70
298,152,255,255,19000,1,1,1917,235,255,4,63,245,2,1,Rosenborg BK,245,46,-1,1,183336,4,10,-1,4,0,2,5,0,21405,1,493,5,417,1,71,69,71,70,2,10,53,67,70,1,0,65,186267,2,1073281,31,183336,1,0,10,47,2,183336,4,298,0,1073281,0,0,2,0,172517,1,0,3,0,183336,25,0,0,1,49,2300000,65,70,5,67,3,1,167706,183336,2,0,4,353,0,-1,71,1069185,70
299,152,220,241,4700,1,1,1917,245,9,2,59,230,4,1,Lillestrøm SK,6,26,-1,0,182160,4,6,-1,2,0,2,4,0,11637,1,280,3,920,1,64,61,62,64,2,11,72,60,63,1,0,22,182160,2,270336,57,182160,1,0,6,28,2,182160,5,299,0,528384,0,0,2,0,49511,2,0,2,0,182160,5,0,0,0,68,1200000,63,64,5,65,6,1,182160,182160,2,0,1,353,0,-1,57,526336,63
305,146,49,222,1100,1,1,1890,222,49,2,53,49,1,1,Bohemians,49,46,-1,1,199021,4,6,-1,4,0,2,4,0,4227,1,143,3,306,1,59,60,62,59,2,-6,50,58,58,1,0,52,199021,1,1105986,80,203539,1,0,7,49,2,199021,3,305,0,1105986,2,0,2,0,165932,1,0,2,0,199021,11,0,0,0,53,550000,52,58,5,49,9,0,199021,199021,2,0,1,353,0,-1,80,542786,60
306,146,140,36,1400,255,255,1899,12,68,2,53,160,3,255,Shamrock Rovers,85,46,-1,1,209526,4,9,-1,4,0,2,4,0,6000,1,143,6,305,1,61,63,65,60,2,-6,39,63,61,1,0,69,209526,1,1049616,51,209526,1,0,24,35,2,209526,4,306,0,1049616,2,0,2,0,180352,0,0,4,0,209526,17,0,0,1,37,725000,37,61,6,37,9,0,180352,209526,2,0,1,353,0,-1,37,1056784,62
315,77,21,217,250000,132,41,1911,194,33,6,55,19,4,52,CSKA Moskva,26,44,-1,1,187735,0,10,-1,4,0,2,7,0,30457,1,330,3,100767,1,72,72,72,73,2,37,39,72,72,1,0,49,187735,1,66696,28,187735,1,0,7,31,2,187735,7,315,1,1049736,0,0,2,0,148119,0,0,6,0,187735,6,0,0,0,39,15000000,59,72,3,39,9,3,188484,187735,2,0,7,353,0,-1,59,270472,73
319,68,1,1,8000,255,255,1904,22,255,5,58,55,1,255,IFK Göteborg,222,49,-1,1,191111,4,8,-1,4,0,2,4,0,18600,1,191,4,433,1,65,64,65,64,2,12,38,64,64,1,0,43,191111,1,1049856,54,242768,0,0,7,49,2,242768,8,319,2,1049856,2,0,2,0,202909,0,0,6,0,191111,18,0,0,0,40,950000,45,64,4,35,9,1,191111,191111,2,0,2,353,0,-1,45,526592,65
320,68,181,17,105000,255,255,1910,138,234,5,55,197,2,255,Malmö FF,255,60,-1,3,46175,4,10,-1,6,0,1,5,0,24000,1,299,5,319,1,70,70,71,71,2,13,50,69,70,1,0,36,179633,1,106656,66,163670,0,0,14,76,2,179633,6,320,0,106656,2,0,2,0,46175,1,0,3,0,46175,20,0,0,0,49,4200000,32,70,5,41,8,1,46175,46175,2,0,4,353,0,-1,36,151712,72
322,148,92,1,15500,255,255,1886,1,163,3,47,92,3,255,Grasshopper Club Zürich,173,45,-1,1,213106,4,6,-1,4,0,2,5,0,26104,1,539,6,896,1,69,67,69,65,2,8,50,62,62,1,0,62,237640,1,1089624,77,213106,0,0,19,43,2,213106,8,322,0,1089624,0,0,2,0,213106,1,0,2,0,213106,27,0,0,0,50,4458833,62,67,6,43,5,1,213106,213106,2,0,3,353,0,-1,47,565336,65
325,119,2,167,175000,11,255,1905,175,29,3,41,2,2,157,Galatasaray,45,76,-1,2,193738,4,10,-1,4,0,1,8,0,52600,1,231,4,326,1,77,78,77,73,2,28,40,78,77,1,0,69,191687,2,181409,53,193738,1,0,17,59,4,193738,4,325,1,312481,0,0,2,0,182494,0,1,2,0,193738,21,0,0,1,39,25375000,39,77,4,39,3,2,179972,193738,9,1,7,353,0,-1,79,1106081,75
326,119,246,254,201660,133,69,1907,4,0,2,40,50,3,84,Fenerbahçe,187,46,-1,1,189595,4,10,-1,4,0,1,8,0,50509,1,231,4,325,1,76,77,76,79,2,29,39,77,76,1,0,49,189595,0,115856,51,125871,1,0,6,35,2,187800,4,326,0,1098896,0,0,2,0,166706,0,0,5,0,187800,19,0,0,1,37,31954943,57,76,4,37,2,2,217699,189595,9,0,7,353,0,-1,67,282768,79
327,119,1,1,195000,255,255,1903,11,1,2,41,11,3,255,Beşiktaş,44,66,-1,4,20775,4,10,-1,6,0,1,8,0,41903,1,231,4,326,1,79,79,79,77,2,28,39,80,79,1,0,62,20775,1,115728,51,157301,1,0,9,62,4,20775,4,327,0,181264,0,0,2,0,196934,0,0,7,0,196934,15,0,0,0,37,22698000,52,78,4,32,4,2,146439,20775,9,0,7,353,0,-1,72,541712,78
346,45,150,21,1918,255,255,1895,21,37,2,51,150,2,255,Yeovil Town,37,26,-1,0,163158,4,2,-1,4,0,2,1,0,9565,0,534,4,1919,2,62,64,64,62,2,-3,52,64,63,0,0,35,163158,0,1056778,32,163158,1,0,0,27,2,163158,4,346,0,548874,2,0,2,0,223069,1,0,2,0,222583,0,0,0,0,50,600000,54,62,4,33,7,0,223404,163158,2,0,1,353,0,-1,62,542730,64
347,6,242,255,25000,35,237,1908,255,0,2,40,242,2,27,Lecce,0,74,-1,2,172786,4,6,-1,3,0,2,3,0,33876,1,695,4,110911,1,66,67,64,67,2,18,51,68,69,1,0,59,172786,1,132096,49,172786,1,0,0,59,6,172786,4,347,0,270336,0,0,2,0,172786,1,0,2,0,172786,0,0,0,1,52,7625000,43,68,4,47,3,1,198701,172786,2,0,1,353,0,-1,49,1052672,67
357,45,20,235,2050,255,255,1920,225,20,1,54,20,4,255,Morecambe,20,25,-1,0,226172,4,2,-1,2,0,2,1,0,6476,0,328,3,110313,2,60,59,59,61,2,-3,70,56,59,0,0,34,226172,2,1056786,51,226172,0,0,0,25,2,226172,5,357,0,528402,2,0,2,0,104737,2,0,2,0,226172,0,0,0,0,70,500000,65,60,3,77,8,0,226172,226172,2,0,1,353,0,-1,51,528402,59
361,45,255,255,2249,1,231,1976,255,255,1,52,255,2,1,Stevenage,255,74,-1,2,169489,4,4,-1,3,0,2,1,0,6722,0,463,4,1923,2,60,61,62,61,2,0,51,60,61,0,0,50,169489,1,165120,40,169489,1,0,0,60,6,169489,8,361,0,270592,2,0,2,0,19410,1,0,2,0,243575,0,0,0,0,53,600000,48,61,4,69,9,0,19410,169489,2,0,1,353,0,-1,40,1073408,64
378,137,23,238,13000,255,255,1950,255,30,2,48,1,2,255,Stade Brestois 29,1,66,-1,4,189003,4,7,-1,5,0,2,2,0,15097,1,72,5,62,1,67,68,68,67,2,-4,37,69,69,0,0,53,183356,0,66696,37,224444,1,0,0,63,2,224444,4,378,0,132232,0,0,2,0,189003,0,0,6,0,224444,0,0,0,1,38,3250000,43,67,5,33,7,1,192647,224444,2,0,1,353,0,-1,43,1056904,68
379,135,1,242,25000,255,255,1931,255,1,2,49,1,1,255,Stade de Reims,1,44,-1,1,188385,4,1,-1,3,0,2,4,0,21127,1,399,6,294,1,70,72,70,73,2,4,51,73,72,0,0,58,193683,1,1073216,32,193683,1,0,2,45,2,188385,5,379,0,1073216,2,0,2,0,188385,1,0,2,0,188385,6,0,0,0,50,5166667,58,71,6,45,6,1,199387,188385,2,0,1,353,0,-1,62,528448,73
393,77,5,5,15500,255,255,1926,25,5,2,40,25,2,255,PAOK FC,25,46,-1,1,177553,4,8,-1,4,0,2,5,0,28703,1,477,4,280,1,75,74,75,73,2,22,53,74,74,1,0,60,208053,0,1049664,56,177553,0,0,6,37,4,208053,2,393,0,1056832,0,0,2,0,177553,1,0,3,0,177553,2,0,0,0,49,5537375,60,74,4,57,3,2,189757,177553,9,0,4,353,0,-1,56,526400,73
417,152,86,2,9600,255,255,1911,56,158,3,62,139,3,255,Molde FK,222,66,-1,4,209335,4,10,-1,6,0,2,5,0,11800,0,320,3,298,1,68,67,70,68,2,7,38,66,68,1,0,60,231913,1,66596,49,209335,1,0,4,70,2,231913,2,417,0,132132,2,0,2,0,190491,0,0,3,0,231913,3,0,0,0,40,1500000,40,68,4,40,2,1,239085,209335,2,0,3,353,0,-1,40,270372,68
418,152,1,204,3100,255,255,1920,220,1,2,69,5,4,255,Tromsø IL,10,28,-1,0,46857,4,5,-1,4,0,1,3,0,6801,0,492,5,298,1,65,65,65,63,2,18,40,67,65,1,0,35,46857,1,1049600,53,46857,1,0,2,28,4,46857,7,418,0,525312,1,0,2,0,189544,0,0,5,0,46857,0,0,0,0,39,800000,59,64,5,39,6,1,46857,46857,2,0,1,353,0,-1,59,525312,63
420,76,0,206,6800,255,255,1948,17,12,2,50,73,3,255,Górnik Zabrze,147,76,-1,2,242499,4,5,-1,4,0,2,4,0,24563,1,536,5,1871,1,63,63,62,65,2,18,72,62,63,1,0,53,242499,0,172056,33,242499,1,0,6,53,2,242499,5,420,0,282648,2,0,2,0,189010,2,0,2,0,242499,14,0,0,0,72,2057000,71,64,6,65,8,2,138306,242499,2,0,2,353,0,-1,63,542744,66
422,146,174,7,1450,255,255,1984,222,85,3,51,49,1,255,Cork City,49,48,-1,1,210046,4,10,-1,4,0,2,4,0,6900,0,121,6,111285,1,63,61,61,64,2,-8,68,60,62,0,0,65,202594,1,1073168,51,210046,1,0,4,47,2,210046,5,422,0,1052688,0,0,2,0,202731,2,1,3,0,210046,3,0,0,0,72,850000,75,62,6,77,6,0,183466,210046,2,0,2,353,0,-1,51,266256,61
423,146,49,222,1045,255,255,1929,210,49,10,53,30,10,255,St. Patrick's Athletic,40,75,-1,2,180351,4,7,-1,6,0,2,3,0,5340,1,143,4,306,2,59,61,61,60,2,-6,38,62,61,0,0,40,180351,2,181378,29,180351,1,0,3,60,2,180351,3,423,0,279682,2,0,2,0,184980,0,0,4,0,180351,8,0,1,0,40,530000,50,60,4,40,9,0,180351,180351,2,0,1,353,0,-1,70,548994,60
433,68,1,1,14500,1,255,1891,14,1,3,59,10,1,238,AIK,20,45,-1,1,206114,4,10,-1,3,0,2,4,0,50000,1,457,4,710,1,69,67,68,69,2,18,49,65,67,1,0,66,206114,0,1073476,48,206114,1,0,8,33,2,221665,6,433,0,1057092,0,0,2,0,168317,1,0,2,0,206114,11,0,0,0,51,2500000,66,69,4,33,4,1,168317,206114,2,0,3,353,0,-1,48,1057092,68
435,6,1,213,5000,1,1,1916,255,1,2,46,255,2,1,Neuchâtel Xamax,255,28,-1,0,170784,4,3,-1,3,0,2,4,0,12500,1,680,5,110770,1,63,63,63,66,2,6,69,60,60,1,0,22,19975,1,1056768,49,170784,1,0,0,25,2,170784,5,435,0,526336,1,0,2,0,135646,3,0,4,0,19975,2,0,0,0,69,1750000,69,63,5,49,7,1,19975,19975,2,0,2,353,0,-1,49,526336,66
436,119,6,171,91660,255,90,1967,95,52,3,41,175,3,170,Trabzonspor,215,68,-1,4,231887,4,6,-1,7,0,2,6,0,41461,1,490,6,326,1,75,72,75,73,2,39,38,68,70,1,0,40,231887,2,180881,54,231887,1,0,8,70,2,231887,5,436,0,165009,2,0,2,0,186953,0,1,6,0,143121,6,0,0,0,40,15697233,60,73,6,40,3,2,143121,231887,9,0,5,353,0,-1,60,1082513,72
445,146,22,243,1150,255,255,1928,243,45,1,54,3,2,255,Derry City,38,45,-1,1,225998,4,8,-1,4,0,2,3,0,7700,0,135,5,563,2,58,58,58,56,2,-7,49,60,60,1,0,41,225998,1,172066,63,225998,1,0,5,35,2,225998,7,445,0,1089570,2,0,2,0,186838,1,1,2,0,225998,2,0,0,0,51,625000,41,58,5,35,9,0,225998,225998,2,0,1,353,0,-1,33,1089570,56
448,121,10,190,250000,255,255,1898,205,30,3,43,30,3,255,Athletic Club de Bilbao,30,46,-1,1,245660,4,6,-1,5,0,2,6,0,53332,2,53,4,457,1,79,79,79,81,2,-2,72,78,78,2,0,53,106231,0,1056900,45,245660,1,0,23,39,2,245682,10,448,0,1069188,0,0,2,0,224909,3,0,6,0,245660,8,0,0,1,68,18500000,63,79,5,69,7,1,106231,189354,2,0,6,353,0,-1,75,266372,80
449,121,150,0,175000,255,255,1907,10,85,4,37,140,4,255,Real Betis Balompié,90,49,-1,1,190286,4,5,-1,4,0,1,5,0,52500,2,445,3,481,1,80,80,80,78,2,-5,39,78,78,2,0,49,226226,0,115872,33,190286,1,0,2,31,4,190286,6,449,0,1066144,0,0,2,0,182002,0,0,5,0,190286,1,0,0,0,39,16056250,39,80,4,39,6,1,219932,171897,2,0,2,353,0,-1,79,549024,78
450,121,168,76,110000,255,255,1923,60,213,3,42,150,3,255,RC Celta de Vigo,200,44,-1,1,212196,4,5,-1,5,0,2,6,0,29000,2,515,6,242,1,76,77,76,80,2,-8,52,74,76,2,0,54,212196,2,303114,34,194229,1,0,0,41,4,194229,5,450,0,1056778,0,0,2,0,194229,1,0,5,0,212196,0,0,0,0,52,11770000,54,77,6,61,6,1,211381,192629,2,0,4,353,0,-1,34,1052682,80
452,121,108,17,75000,255,255,1900,0,191,3,41,90,2,255,RCD Espanyol,170,75,-1,1,216477,4,5,-1,5,0,1,6,0,40500,2,36,4,241,1,77,77,78,76,2,2,68,75,75,2,0,57,216477,1,86016,47,225883,1,0,4,57,2,216477,5,452,0,282624,2,0,2,0,212772,3,0,6,0,216477,0,0,0,1,68,10429688,79,77,5,65,5,1,216477,178085,2,0,2,353,0,-1,67,1069056,76
453,121,26,236,5250,0,10,1916,255,13,1,39,0,1,0,RCD Mallorca,0,28,-1,0,158144,4,3,-1,4,0,2,4,0,24262,2,369,4,483,1,68,67,68,66,2,2,66,66,66,2,0,24,158144,0,1057024,59,191135,1,0,1,27,2,158144,5,453,0,528640,0,0,2,0,110680,2,0,2,0,158144,0,0,0,0,66,2273906,73,67,4,77,3,1,158144,158144,2,0,1,353,0,-1,59,526592,66
457,121,35,0,150000,255,255,1909,0,125,4,43,45,4,255,Real Sociedad,135,46,-1,1,230142,4,5,-1,4,0,2,6,0,32076,2,425,3,448,1,78,77,77,78,2,-1,53,74,75,2,0,35,217731,1,1082368,41,230142,0,0,2,47,2,230142,6,457,0,1073152,2,0,2,0,172290,1,0,5,0,230142,2,0,0,0,49,15750000,35,77,5,47,5,1,217731,230142,2,0,3,353,0,-1,61,544768,78
459,121,5,221,17000,255,255,1905,200,4,3,43,0,3,255,Real Sporting de Gijón,0,75,-1,2,168379,4,8,-1,4,0,1,5,0,30000,2,183,4,110827,1,72,72,71,72,2,-5,53,72,72,2,0,55,168379,0,270468,35,168379,1,0,0,55,2,168379,8,459,0,270468,2,0,2,0,168379,1,0,6,0,168379,0,0,0,0,53,4771333,55,72,5,39,5,1,168379,168379,2,0,1,353,0,-1,35,282756,70
461,121,124,247,613000,255,255,1919,1,67,4,39,1,1,255,Valencia CF,1,75,-1,2,172522,4,8,-1,4,0,2,7,0,49677,2,504,4,483,1,82,81,82,81,2,0,73,80,80,2,0,34,172522,1,172033,64,172522,1,0,7,54,2,172522,5,461,1,299009,0,0,2,0,172522,2,1,4,0,172522,6,0,0,0,69,66338860,68,81,4,67,2,1,176600,189513,2,0,6,353,0,-1,44,1052673,81
462,121,52,142,8930,255,255,1928,80,175,3,41,0,4,255,Real Valladolid,112,75,-1,2,208621,4,2,-1,5,0,1,4,0,26512,2,506,5,477,1,72,72,71,75,2,-4,66,71,71,2,0,63,208621,1,151552,53,208621,0,0,0,53,2,208621,5,462,0,282624,1,0,2,0,170941,2,0,4,0,208621,0,0,0,0,66,3080671,61,73,5,65,6,1,223197,208621,2,0,1,353,0,-1,73,542720,74
463,121,78,0,13000,255,255,1921,0,180,3,42,66,2,255,Deportivo Alavés,200,45,-1,1,199416,4,3,-1,4,0,2,3,0,19840,2,518,6,448,1,76,76,77,76,2,-2,50,75,75,2,0,52,199416,1,1089601,48,199416,1,0,0,45,2,199416,4,463,0,1073217,1,0,2,0,172287,1,0,2,0,199416,0,0,0,0,51,4420000,52,76,6,45,4,1,172287,199416,2,0,1,353,0,-1,68,542785,76
467,121,74,52,29000,98,219,1940,70,132,4,43,90,2,55,SD Eibar,150,43,-1,1,175379,4,4,-1,4,0,2,4,0,7083,2,149,5,457,1,78,78,77,79,2,-2,71,78,77,2,0,36,175379,1,1101898,78,175379,1,0,0,33,2,175379,2,467,0,1101898,0,0,2,0,199986,2,0,2,0,175379,0,0,0,0,67,5374667,66,78,5,63,6,1,175379,175379,2,0,1,353,0,-1,78,542794,79
468,121,255,255,4837,60,40,1923,240,255,1,38,255,1,100,Elche CF,240,45,-1,1,204863,4,2,-1,3,0,2,4,0,33722,2,153,4,1853,1,68,67,68,68,2,0,52,66,67,2,0,39,179528,0,1056840,49,204863,0,0,0,31,2,204863,4,468,0,1073224,2,0,2,0,243945,1,0,2,0,204863,0,0,0,0,52,1745512,39,67,5,31,7,1,237524,204863,2,0,1,353,0,-1,69,528456,68
469,121,2,2,2500,11,200,2007,254,112,1,38,254,1,3,Extremadura UD,254,47,-1,1,201515,4,1,-1,2,0,2,1,0,11580,2,691,4,110066,1,67,66,66,68,2,-6,71,65,66,2,0,52,201515,1,266304,50,201515,1,0,0,49,2,201515,4,469,0,1069120,0,0,2,0,243989,2,0,2,0,201515,0,0,0,0,73,1291667,62,67,6,79,7,1,201515,201515,2,0,1,353,0,-1,80,526400,69
472,121,235,255,50000,173,9,1949,255,0,2,28,204,3,78,UD Las Palmas,0,48,-1,1,115909,4,9,-1,4,0,2,4,0,31250,2,264,3,260,1,72,73,72,76,2,-15,39,73,72,2,0,39,205157,0,99332,51,205157,1,0,0,43,2,205157,7,472,0,1082372,0,0,2,0,146059,0,0,4,0,115909,0,0,0,1,37,8583333,57,73,3,37,5,0,115909,115909,2,0,1,353,0,-1,57,526340,77
477,121,44,210,4000,174,36,1945,16,44,2,41,97,3,117,CD Numancia,154,48,-1,1,229991,4,7,-1,4,0,2,3,0,9025,2,458,5,462,1,68,70,68,71,2,-2,66,70,70,2,0,63,229991,1,73736,45,229991,1,0,0,39,2,229991,4,477,0,1052680,1,0,2,0,219180,2,0,2,0,229991,0,0,0,0,66,2004444,73,70,5,69,4,1,205158,229991,2,0,1,353,0,-1,45,526344,73
479,121,0,193,15000,93,18,1920,203,5,2,42,10,2,25,CA Osasuna,15,75,-1,2,196942,4,7,-1,6,0,2,3,0,19800,2,370,6,463,1,72,70,72,70,2,-1,72,68,69,2,0,65,196942,2,188416,75,211022,1,0,0,55,2,211022,7,479,0,299008,2,0,2,0,190432,2,0,5,0,206651,0,0,0,0,68,4350000,67,70,6,69,5,1,206651,196942,2,0,1,353,0,-1,35,526336,70
480,121,255,255,10000,0,255,1924,255,255,3,40,234,5,0,Rayo Vallecano,240,27,-1,0,186197,4,2,-1,4,0,1,5,0,14505,2,295,6,100888,1,74,75,75,76,2,-3,68,75,74,2,0,34,172285,0,1056770,33,186197,1,0,0,27,2,186197,5,480,0,528386,1,0,2,0,186681,2,0,2,0,210315,0,0,0,0,72,3300000,71,74,6,73,6,1,173030,186197,2,0,1,353,0,-1,33,526338,74
481,121,0,249,960000,255,255,1905,230,0,4,37,0,2,255,Sevilla FC,0,66,-1,2,189513,4,7,-1,5,0,2,8,1,45500,1,445,5,449,1,79,79,79,80,3,-5,67,77,77,2,0,58,189513,0,172064,58,189513,1,0,5,68,4,189513,7,481,5,151584,1,0,2,0,179645,0,0,5,0,189513,1,0,0,0,69,34521600,66,79,5,63,9,1,189513,178562,2,0,7,353,0,-1,68,266272,80
483,121,230,250,370000,135,0,1923,255,100,3,39,215,3,50,Villarreal CF,0,74,-1,2,206545,4,8,-1,4,0,2,6,1,24500,2,517,5,461,1,80,80,80,81,2,0,50,79,79,2,0,68,206545,1,148532,58,146562,1,0,0,58,4,146562,7,483,0,270388,1,0,2,0,192789,1,0,2,0,206545,0,0,0,1,51,32930000,62,80,5,65,5,1,208093,206545,2,0,7,353,0,-1,58,1056820,82
485,114,1,1,158100,58,1,1896,240,1,2,52,1,6,157,Hannover 96,1,76,-1,2,158905,4,5,-1,3,0,2,5,0,49200,1,208,3,175,1,74,75,75,74,2,9,70,74,74,1,0,43,158905,1,139360,33,158905,1,0,1,53,2,158905,5,485,0,266336,1,0,2,0,229476,2,0,5,0,158905,2,0,0,0,70,10000000,61,74,7,65,4,1,205431,158905,2,0,3,353,0,-1,33,266336,73
487,76,36,110,4520,255,255,1899,128,140,3,52,0,3,255,VfL Osnabrück,128,58,-1,3,193564,4,5,-1,4,0,2,4,0,16667,1,635,4,531,1,64,65,65,66,2,8,39,66,65,1,0,32,193564,1,99728,51,193564,0,0,0,72,9,193564,8,487,0,116112,2,0,2,0,193564,0,0,2,0,193564,0,0,0,1,37,520000,52,64,4,32,7,1,238657,193564,2,0,1,353,0,-1,62,156048,66
492,76,1,205,6280,1,1,1926,255,19,2,50,255,4,1,SV Wehen Wiesbaden,255,74,-1,2,186415,4,8,-1,4,0,2,1,0,12566,1,636,6,169,1,66,67,67,68,2,8,51,66,65,1,0,57,186415,1,168088,37,186415,1,0,0,57,2,186415,2,492,0,286872,2,0,2,0,216288,1,0,3,0,186415,0,0,0,0,50,680000,53,66,5,35,2,1,189607,186415,2,0,1,353,0,-1,67,542872,68
503,116,1,1,11210,1,255,1953,55,1,3,51,98,4,205,Dynamo Dresden,15,74,-1,2,177105,4,6,-1,6,0,2,7,0,32066,1,567,5,506,1,68,69,68,68,2,13,38,70,70,1,0,35,211872,1,164864,54,177105,0,0,0,55,2,211872,6,503,0,295936,2,0,2,0,211840,0,0,7,0,211872,0,0,0,0,40,2000000,55,69,7,35,6,1,231344,177105,2,0,1,353,0,-1,55,1073152,69
506,116,55,84,11140,100,202,1949,255,138,2,50,255,4,174,Erzgebirge Aue,255,66,-1,4,197226,4,2,-1,6,0,2,2,0,15690,1,568,4,503,1,68,69,69,67,2,12,71,68,68,1,0,38,45473,1,172041,68,234281,1,0,0,68,2,234281,1,506,0,167945,2,0,2,0,182520,2,0,5,0,234281,0,0,0,0,73,1600000,66,68,4,63,8,1,234281,197226,2,0,1,353,0,-1,58,299017,68
517,119,1,1,38000,255,255,1904,255,1,4,-23,255,2,255,Botafogo,255,49,-1,1,230348,0,6,-1,3,0,2,6,0,44661,0,402,6,567,1,72,72,72,73,2,-43,72,71,71,1,1,69,230348,0,1049608,47,230348,1,0,0,43,5,230348,6,517,0,1069064,2,0,2,0,230231,2,0,3,0,230348,2,0,1,1,68,4800000,79,72,6,73,7,-3,223771,230484,7,0,4,353,0,-1,67,526344,73
518,123,70,55,5850,30,250,1949,55,160,3,42,70,3,30,Chaves,160,67,-1,4,207412,0,2,-1,6,0,2,3,0,12000,0,589,4,10019,1,72,72,72,72,2,-7,38,72,72,1,0,59,242380,1,312472,53,242380,0,0,0,69,2,207412,3,518,0,181400,2,0,2,0,207412,0,0,7,0,207412,0,0,0,0,39,1000000,59,72,4,39,3,0,202395,207412,2,0,1,353,0,-1,69,1052824,72
531,76,150,0,5240,1,1,1906,255,94,1,51,255,2,1,Preußen Münster,255,68,-1,4,204044,4,6,-1,6,0,2,4,0,14300,1,609,3,159,1,64,63,62,64,2,7,52,62,64,1,0,34,204044,1,165256,54,238595,1,0,0,64,2,238595,6,531,0,139656,2,0,2,0,211874,1,0,2,0,204044,0,0,0,0,52,550000,69,64,3,50,7,1,216979,204044,2,0,1,353,0,-1,54,1053064,63
543,116,0,227,7160,255,255,1907,169,15,2,49,163,9,255,Jahn Regensburg,155,60,-1,3,213644,4,2,-1,7,0,2,3,0,15210,1,615,6,111239,1,67,67,66,69,2,12,69,67,67,1,0,54,213644,0,102528,64,213644,1,0,0,74,2,213644,2,543,0,118912,2,0,2,0,211920,2,0,7,0,213644,0,0,0,0,73,1000000,68,68,5,67,7,1,211920,213644,2,0,1,353,0,-1,64,135296,66
550,76,1,1,4090,255,255,1921,15,1,2,49,15,1,255,VfR Aalen,15,27,-1,0,189603,4,4,-1,3,0,2,3,0,14500,1,608,3,111235,1,65,67,67,64,2,10,68,66,65,1,0,35,189603,2,155664,38,189603,0,0,0,25,2,189603,4,550,0,542736,2,0,2,0,189267,3,1,4,0,189603,0,0,0,1,72,500000,78,65,5,78,9,1,189603,189603,2,0,1,353,0,-1,78,526352,69
561,45,220,85,2150,1,1,1889,85,20,2,51,200,2,1,Forest Green Rovers,20,45,-1,1,189836,4,6,-1,4,0,2,1,0,5147,0,628,4,1936,2,63,63,63,64,2,-2,52,64,63,0,0,49,173498,1,1049600,33,173498,0,0,0,37,2,173498,1,561,0,1056768,2,0,2,0,186172,1,0,2,0,173498,0,0,0,0,51,750000,49,63,4,57,2,0,179860,173498,2,0,1,353,0,-1,33,1052672,66
563,146,0,242,1075,255,255,1928,210,0,1,54,22,3,255,Sligo Rovers,8,48,-1,1,205053,4,5,-1,4,0,2,2,0,5500,0,455,3,445,1,59,55,56,57,2,-8,36,56,57,1,0,56,205053,1,1082496,52,205053,1,0,5,33,4,205053,3,563,0,1082496,2,0,2,0,206082,0,0,4,0,205053,3,0,0,0,38,600000,38,57,3,38,8,0,205053,205053,2,0,1,353,0,-1,38,542848,57
567,119,112,5,42000,38,182,1902,255,67,3,-23,255,2,6,Fluminense,255,66,-1,4,230337,0,9,-1,6,0,2,8,0,78838,0,402,4,517,1,74,73,74,71,2,-43,70,72,72,1,0,67,230337,2,99345,77,230337,0,0,1,67,4,230337,10,567,0,167953,2,0,2,0,230234,2,0,3,0,230337,4,0,0,1,70,9400000,73,73,4,65,4,-3,230278,230337,7,0,5,353,0,-1,37,1085457,71
568,119,52,4,90000,255,255,1921,255,170,4,-20,255,1,255,Cruzeiro,255,47,-1,1,230479,0,10,-1,4,0,2,6,0,61846,1,44,4,1035,1,72,73,72,73,2,-44,40,75,75,1,0,70,230479,1,181253,50,244955,1,0,5,37,2,244955,6,568,0,1098757,1,0,2,0,222402,0,1,5,0,230479,4,0,0,1,36,12100000,36,73,4,36,4,-3,230502,230281,7,0,6,353,0,-1,66,1105925,73
573,121,90,25,105000,255,255,1994,83,170,3,36,140,3,255,Málaga CF,195,46,-1,1,210258,4,10,-1,4,0,2,5,0,30044,2,298,3,481,1,73,74,74,71,2,-4,51,73,72,2,0,43,210258,0,139584,47,231640,1,0,0,35,2,231640,6,573,0,1057088,0,0,2,0,232437,1,0,2,0,210258,0,0,0,0,50,10584000,43,73,3,55,7,1,178616,210258,2,0,2,353,0,-1,77,526656,73
576,116,83,0,8850,255,255,1900,224,151,2,54,39,2,255,Holstein Kiel,56,68,-1,3,221671,4,2,-1,7,0,2,4,0,11935,1,642,7,110329,1,69,68,69,65,2,10,37,67,68,1,0,56,212321,0,99466,40,221671,1,0,0,66,2,221671,6,576,0,132234,2,0,2,0,193310,0,1,4,0,221671,1,0,0,0,36,1700000,36,68,6,36,6,1,238569,221671,2,0,1,353,0,-1,36,139402,63
605,124,1,1,17580,255,255,1957,1,204,5,24,1,5,255,Al Hilal,153,68,-1,4,221370,4,10,-1,5,0,2,7,0,62685,1,405,6,607,1,74,74,75,76,2,46,40,71,70,1,0,54,221370,1,115368,53,191269,1,0,8,64,2,210602,6,605,0,181416,0,0,2,0,192708,0,1,5,0,221370,15,0,0,1,39,7700000,54,73,6,34,1,3,192708,221370,9,0,7,353,0,-1,64,1073320,77
607,124,255,255,25450,1,1,1927,255,1,5,21,255,5,1,Al Ittihad,255,60,-1,4,188414,4,8,-1,5,0,2,6,0,62241,1,232,3,605,1,72,70,72,71,2,39,39,69,69,1,0,42,187572,1,66577,51,188414,1,0,9,72,4,188414,9,607,0,99345,0,0,2,0,208965,0,1,4,0,187572,8,0,0,0,37,8584285,42,70,3,32,2,3,208977,188414,9,0,5,353,0,-1,42,1052689,70
614,137,1,255,10000,255,255,1910,224,1,2,41,34,2,255,AC Ajaccio,16,43,-1,1,50955,4,5,-1,4,0,2,1,0,10446,0,6,5,219,1,68,69,68,71,2,8,72,68,67,0,0,53,50955,1,1056776,42,50955,0,0,0,46,2,50955,2,614,0,1052680,2,0,2,0,50955,2,0,3,0,50955,0,0,0,0,69,2625000,63,68,5,76,8,1,50955,50955,2,0,1,353,0,-1,42,526344,71
621,67,1,1,2150,1,255,1995,255,1,2,55,240,2,215,Livingston,1,44,-1,1,243841,4,1,-1,4,0,1,1,0,8716,1,673,3,81,1,63,63,63,63,2,-3,67,66,63,1,0,40,205026,1,1052672,40,205026,0,0,0,49,2,205026,4,621,0,1052672,0,0,2,0,222045,2,1,2,0,243841,0,0,0,0,71,650000,70,63,3,79,7,0,200980,243841,2,0,1,353,0,-1,40,526336,63
634,118,240,240,16000,90,24,1968,4,50,2,50,4,2,160,Fortuna Sittard,4,45,-1,1,216289,4,3,-1,4,0,2,2,0,12511,2,677,4,100651,2,68,68,70,68,2,5,71,66,66,2,0,52,216289,1,172296,66,216289,1,0,2,41,2,216289,4,634,0,1085704,0,0,2,0,223566,2,0,2,0,216289,0,0,0,0,67,3100000,62,67,4,71,8,1,223157,216289,2,0,1,353,0,-1,56,526600,68
635,118,91,1,19000,255,255,1954,0,158,2,51,166,2,255,De Graafschap,226,75,-1,2,204840,4,2,-1,4,0,2,3,0,12600,2,138,4,1909,2,66,65,65,67,2,6,70,64,66,2,0,43,184635,1,139265,53,229215,1,0,0,53,2,229215,4,635,0,266241,0,0,2,0,209703,2,0,3,0,184635,0,0,0,0,70,3500000,77,66,4,65,8,1,215701,204840,2,0,1,353,0,-1,53,526337,65
650,118,145,13,46000,4,255,1905,10,49,1,52,10,3,236,ADO Den Haag,10,47,-1,1,200831,4,5,-1,4,0,2,4,0,15000,2,133,3,245,2,69,67,66,68,2,4,71,67,71,2,0,68,200831,0,1052672,50,200831,0,0,2,49,2,200831,5,650,0,1069056,1,0,2,0,188621,2,0,4,0,200831,2,0,0,0,73,5350000,78,69,5,79,8,1,200831,200831,2,0,1,353,0,-1,80,526336,66
665,123,120,13,6000,255,255,1910,255,1,2,39,255,2,255,Vitória Setúbal,255,48,-1,1,179884,0,3,-1,3,0,2,2,0,15497,1,444,5,1889,1,71,71,71,69,2,-9,51,71,71,1,0,38,190779,2,1089568,64,179884,0,0,3,41,6,190779,8,665,0,1089568,2,0,2,0,185200,1,0,2,0,190779,0,0,0,0,52,890000,38,71,5,41,10,0,190779,179884,2,0,1,353,0,-1,54,526368,69
666,123,0,255,2100,255,255,1930,240,0,2,41,25,2,255,Desportivo Aves,25,47,-1,1,186748,0,2,-1,4,0,2,1,0,8560,0,645,4,1900,1,69,70,69,71,2,-8,69,70,70,1,0,42,204823,1,1089536,76,237532,1,0,1,41,2,193695,3,666,0,1085440,1,0,2,0,193695,2,1,3,0,186748,0,0,0,0,73,860000,72,70,5,71,1,0,219514,186748,2,0,1,353,0,-1,56,542720,71
670,70,5,5,4600,255,255,1904,40,5,5,50,40,1,255,Charleroi,40,47,-1,1,210112,4,6,-1,4,0,2,3,0,15000,2,103,4,232,2,70,70,69,71,2,4,68,71,70,2,0,49,210112,1,270408,39,210112,0,0,0,31,2,210112,1,670,0,1052744,0,0,2,0,202416,2,0,3,0,210112,0,0,0,0,72,1900000,79,70,4,61,6,1,210112,210112,2,0,2,353,0,-1,39,526408,70
673,70,72,55,71000,255,255,1988,255,186,5,51,255,5,255,Genk,255,66,-1,4,231969,4,7,-1,6,0,2,5,0,23718,1,179,6,232,1,74,73,75,72,2,5,51,72,71,1,0,34,231969,1,99336,34,231969,1,0,4,64,2,203895,6,673,0,139272,0,0,2,0,203895,1,0,4,0,231969,3,0,0,0,52,8500000,38,72,6,41,6,1,207421,231969,2,0,4,353,0,-1,34,1056776,72
674,70,58,1,60000,255,255,1900,1,183,4,51,108,4,255,Gent,153,65,-1,4,238053,4,8,-1,6,0,2,5,0,19999,1,181,6,231,1,72,72,72,69,2,3,49,72,73,1,0,66,238053,1,312326,76,238053,1,0,3,66,2,238053,2,674,0,188422,0,0,2,0,158375,1,0,4,0,238053,1,0,0,0,57,12500000,56,73,5,68,2,1,240702,238053,2,0,5,353,0,-1,76,1105926,69
680,70,219,246,4600,200,46,1924,16,1,2,50,35,5,65,Sint-Truiden,140,26,-1,0,206544,4,3,-1,4,0,2,3,0,14600,1,451,4,673,1,69,69,69,68,2,5,72,69,69,1,0,38,206544,1,286980,37,206544,1,0,0,26,2,206544,5,680,0,528644,0,0,2,0,155694,2,0,3,0,206544,0,0,0,0,68,1800000,79,69,4,73,6,1,206544,206544,2,0,1,353,0,-1,37,526596,68
682,70,28,237,12000,1,255,1981,1,36,3,51,166,2,226,Oostende,80,49,-1,1,243581,4,7,-1,4,0,2,3,0,8432,1,358,3,231,1,70,70,71,69,2,2,50,69,70,1,0,37,243581,0,1089542,71,179811,1,0,0,47,2,179811,3,682,0,1089542,2,0,2,0,193690,1,0,2,0,243581,0,0,0,0,49,2850000,37,70,4,67,8,1,212210,243581,2,0,2,353,0,-1,31,561158,67
687,66,223,250,139000,1,1,1994,250,22,2,40,245,2,1,Columbus Crew SC,22,68,-1,4,211119,4,7,-1,5,0,2,3,0,19968,1,114,4,693,1,73,71,73,70,2,-82,40,70,69,1,0,45,167669,1,132136,34,211119,1,0,1,65,2,167669,5,687,0,148520,0,0,2,0,212424,0,0,6,0,167669,1,0,0,1,40,5000000,45,70,5,35,5,-5,212478,167669,2,0,3,353,0,-1,75,132136,70
688,66,1,1,220000,255,255,1995,239,1,1,38,47,1,255,D.C. United,36,66,-1,4,222644,4,5,-1,3,0,2,4,0,20000,1,522,4,689,1,70,70,71,74,2,-76,52,65,66,1,0,64,222644,0,155650,34,222644,1,0,3,64,2,222644,4,688,0,155650,1,0,2,0,206630,1,1,3,0,222644,4,0,0,0,52,5000000,34,70,5,61,5,-5,217714,54050,2,0,4,353,0,-1,34,1073154,74
689,66,0,246,233000,255,255,1995,31,29,1,40,42,1,255,New York Red Bulls,62,59,-1,3,226376,4,8,-1,5,0,1,5,0,25000,1,210,6,112828,1,71,70,71,71,2,-74,39,69,70,1,0,67,226273,1,66688,31,226376,1,0,0,77,5,199729,6,689,0,66688,1,0,2,0,179820,0,0,6,0,199729,0,0,0,0,37,5000000,47,71,6,37,5,-5,199729,199729,2,0,4,353,0,-1,47,139392,73
691,66,52,38,225000,255,255,1995,235,84,1,42,22,2,255,New England Revolution,52,60,-1,4,186721,4,5,-1,5,0,2,3,0,20000,1,166,5,689,1,69,69,70,70,2,-71,53,68,68,1,0,35,186721,1,73860,45,201895,1,0,1,75,2,201895,5,691,0,73860,2,0,2,0,186721,1,0,3,0,186721,0,0,0,0,53,5000000,35,68,6,39,5,-5,223054,186721,2,0,3,353,0,-1,45,73860,70
693,66,0,246,247000,255,255,1997,15,29,2,41,38,2,255,Chicago Fire,106,76,-1,2,204874,4,5,-1,7,0,2,2,0,20000,1,73,3,687,1,69,70,70,68,2,-87,36,71,68,1,0,33,204874,1,263448,37,204874,1,0,4,53,4,204874,3,693,0,263448,2,0,2,0,176071,0,1,6,0,204874,1,0,0,0,38,5000000,33,68,3,33,5,-6,201549,121944,2,1,1,353,0,-1,33,1052952,70
694,66,1,129,158000,255,153,1995,155,14,1,39,1,2,204,Colorado Rapids,14,44,-1,1,213209,4,2,-1,4,0,2,2,0,18061,1,115,6,111065,1,68,67,68,67,2,-104,67,66,68,1,0,48,205585,0,1069124,44,205585,0,0,0,41,2,207580,3,694,0,1069124,1,0,2,0,201940,2,0,2,0,213209,1,0,0,0,71,5000000,78,68,6,71,5,-7,213209,213209,2,0,1,353,0,-1,74,1069124,67
695,66,0,220,185000,255,255,1995,1,0,2,33,62,2,255,FC Dallas,127,67,-1,4,221306,4,7,-1,6,0,1,3,0,20500,1,169,3,698,1,72,71,72,70,2,-96,50,71,69,1,0,35,221306,1,172048,35,221306,0,0,2,65,5,221306,6,695,0,139280,1,0,2,0,206662,1,0,3,0,221306,0,0,0,0,53,5000000,67,70,3,39,5,-6,215083,221306,2,0,2,353,0,-1,35,139280,70
696,66,156,118,243000,43,12,1995,255,191,1,39,255,2,24,Sporting KC,255,66,-1,4,190557,4,7,-1,6,0,2,3,0,18467,1,240,6,698,1,72,72,73,70,2,-94,37,73,72,1,0,36,190557,1,132466,50,190557,1,0,4,66,2,190557,4,696,0,132466,0,0,2,0,190772,0,1,7,0,190557,2,0,0,0,36,5000000,46,71,6,36,5,-6,199562,190557,2,0,2,353,0,-1,46,139634,71
697,66,36,0,304000,0,255,1995,255,93,3,34,255,1,210,Los Angeles Galaxy,255,43,-1,1,184575,4,8,-1,4,0,2,7,0,27000,1,97,6,112996,1,72,71,71,80,2,-118,37,67,68,1,0,47,170370,1,1049600,34,170370,1,0,2,39,2,170370,3,697,0,1065984,2,0,2,0,190552,0,0,6,0,184575,5,0,0,0,40,5000000,35,71,6,35,5,-8,184575,41236,2,0,5,353,0,-1,65,1049600,81
698,66,135,246,183000,255,255,2005,1,18,1,30,1,2,255,Houston Dynamo,1,49,-1,1,39386,4,6,-1,4,0,1,4,0,22039,1,220,4,695,1,70,70,72,67,2,-95,73,68,68,1,0,46,39386,1,526344,48,39386,0,0,0,33,6,39386,4,698,0,1052680,1,0,2,0,39386,2,0,3,0,39386,2,0,0,0,69,5000000,76,69,4,63,5,-6,222590,39386,2,1,2,353,0,-1,48,1052680,72
700,68,220,249,8000,1,1,1904,255,36,3,57,255,2,1,IF Elfsborg,30,66,-1,4,205834,4,8,-1,6,0,2,2,0,16200,1,62,4,319,1,67,67,67,69,2,12,38,61,63,1,0,42,205834,1,263174,51,205834,0,0,3,62,2,205834,7,700,0,132102,1,0,2,0,138247,0,0,6,0,205834,6,0,0,1,37,1200000,52,67,4,32,6,1,10466,205834,2,0,1,353,0,-1,52,139270,71
702,68,68,17,7800,255,255,1897,32,126,4,58,95,2,255,IFK Norrköping,223,67,-1,4,209039,4,8,-1,6,0,1,4,0,15734,1,349,4,705,1,67,69,69,67,2,16,36,70,68,1,0,33,209039,2,132138,32,213512,1,0,6,63,2,213512,7,702,0,132138,0,0,2,0,23823,0,0,6,0,209039,13,0,0,0,38,950000,53,68,4,33,4,1,202043,209039,2,0,2,353,0,-1,53,132138,69
703,68,11,38,1600,255,255,1926,1,183,2,55,97,5,255,Trelleborgs FF,174,44,-1,1,192264,4,1,-1,3,0,1,1,0,10000,1,662,3,320,1,61,62,64,63,2,13,73,59,61,1,0,46,192264,2,1052672,38,192264,0,0,0,45,2,192264,6,703,0,1052672,2,0,2,0,242314,2,0,2,0,192264,0,0,0,0,69,550000,76,62,3,75,5,1,192264,192264,2,0,1,353,0,-1,38,526336,63
705,68,255,255,4400,1,1,1908,245,255,2,59,255,1,1,Örebro SK,235,29,-1,0,197240,4,5,-1,2,0,1,3,0,12650,0,359,2,702,1,65,65,65,65,2,15,50,63,63,1,0,22,197240,0,1049608,55,197240,0,0,0,30,2,197240,6,705,0,532488,1,0,2,0,181013,1,0,2,0,181013,0,0,0,1,53,800000,47,64,2,39,5,1,197240,197240,2,0,1,353,0,-1,55,526344,66
708,68,97,1,8700,255,255,1897,1,33,3,59,77,2,255,Hammarby IF,24,46,-1,1,187339,4,6,-1,4,0,1,3,0,30000,1,464,4,710,1,68,67,68,69,2,18,39,63,65,1,0,34,187339,1,66692,51,187339,1,0,0,33,2,216286,2,708,0,1049732,2,0,2,0,187339,0,0,2,0,187339,1,0,0,0,37,1800000,32,67,4,32,3,1,187339,187339,2,0,1,353,0,-1,32,532612,69
710,68,128,1,8500,95,47,1891,15,255,3,59,125,1,62,Djurgårdens IF,210,59,-1,4,233040,4,6,-1,5,0,2,3,0,30000,1,464,4,433,1,66,66,64,67,2,18,38,67,69,1,0,50,214658,2,165000,34,233040,1,0,5,80,4,227689,4,710,0,66696,1,0,2,0,45842,0,1,6,0,227689,11,0,0,0,40,1700000,50,67,4,40,4,1,227689,227689,2,0,2,353,0,-1,50,1069192,66
711,68,204,255,9500,1,1,1940,255,1,5,58,255,1,1,BK Häcken,255,66,-1,4,192165,4,6,-1,4,0,1,2,0,6500,0,218,5,319,1,66,66,68,67,2,12,36,64,64,1,0,41,157305,1,99328,50,237152,1,0,1,61,2,192169,7,711,0,164864,0,0,2,0,157305,0,0,5,0,192165,0,0,0,0,36,750000,31,66,5,31,7,1,192165,192165,2,0,1,353,0,-1,31,565248,68
741,119,23,168,41000,255,255,1966,255,31,2,36,255,4,255,Antalyaspor,255,44,-1,1,185204,4,5,-1,4,0,1,4,0,32539,1,20,6,742,1,69,70,69,71,2,30,52,69,68,1,0,59,185204,0,1099025,69,188045,1,0,0,31,2,188045,5,741,0,1106193,1,0,2,0,185204,1,0,2,0,185204,0,0,0,0,52,6628333,59,70,6,31,6,2,210404,185204,9,0,3,353,0,-1,69,542993,71
742,119,130,8,73000,255,255,1963,14,57,2,40,177,3,255,Bursaspor,67,48,-1,1,223030,4,6,-1,4,0,2,5,0,43331,1,85,6,327,1,70,71,70,73,2,29,53,68,70,1,0,45,208015,1,1099105,71,229556,1,0,1,47,4,204213,7,742,0,1106273,1,0,2,0,224489,1,0,2,0,223136,1,0,0,0,49,7181375,45,71,6,67,8,2,200911,223030,9,0,5,353,0,-1,71,299361,74
744,123,110,0,9700,255,255,1939,255,10,2,41,255,4,255,Rio Ave,255,67,-1,4,239482,0,6,-1,5,0,1,3,0,9065,0,516,6,1896,1,72,71,72,69,2,-9,40,69,69,2,0,70,239482,1,66740,24,239482,1,0,0,70,4,239482,10,744,0,132276,0,0,2,0,3281,0,0,7,0,239482,0,0,0,1,40,1100500,50,71,6,40,8,0,235512,239482,2,1,2,353,0,-1,50,1073332,69
749,119,1,1,4500,255,255,2005,1,255,2,39,200,3,255,BB Erzurumspor,255,75,-1,2,183883,4,1,-1,7,0,2,3,0,23700,1,675,6,101037,1,69,69,70,70,2,41,50,65,65,1,0,38,178029,1,139520,38,183883,1,0,0,58,4,183883,6,749,0,270592,2,0,2,0,223018,1,0,5,0,183883,0,0,0,0,51,1725000,52,68,6,45,7,2,204372,183883,9,0,1,353,0,-1,38,526592,71
753,146,88,29,1035,252,252,1930,40,192,1,52,100,3,252,Waterford FC,206,43,-1,1,164458,4,5,-1,4,0,2,3,0,5500,0,663,4,422,0,61,61,62,62,2,-7,38,59,57,0,0,43,152746,1,1049632,48,207513,1,0,2,31,2,207513,2,753,0,1049632,2,0,2,0,152746,0,0,3,0,164458,6,0,1,0,39,700000,39,60,4,39,7,0,210319,164458,2,0,1,353,0,-1,39,1056800,63
819,150,76,9,82000,255,255,1992,10,187,4,55,74,2,255,FC København,177,75,-1,2,168621,4,10,-1,7,0,2,5,0,38065,1,248,4,269,1,73,69,71,72,2,13,52,68,70,1,0,42,168621,0,279720,32,200108,0,0,8,52,2,168621,4,819,0,286888,2,0,2,0,168621,1,1,5,0,168621,12,0,0,0,50,4600000,54,71,4,53,5,1,168621,168621,2,1,4,353,0,-1,72,1069224,71
820,150,18,228,7500,255,255,1885,227,1,3,57,18,5,255,Aalborg BK,1,68,-1,4,201266,4,8,-1,6,0,1,5,0,14135,0,1,4,271,1,66,66,67,67,2,9,53,65,67,1,0,34,131444,0,66720,54,201266,1,0,3,64,2,201266,7,820,0,139424,2,0,2,0,131444,1,0,7,0,201266,4,0,0,0,52,900000,40,67,4,37,4,1,201266,201266,2,0,1,353,0,-1,54,1056928,67
822,150,25,196,2600,255,255,1891,255,25,2,55,255,4,255,Vejle BK,255,44,-1,1,243793,4,3,-1,4,0,2,3,0,10418,1,690,4,1516,1,62,64,64,64,2,9,67,64,63,1,0,32,243886,1,66560,80,243793,1,0,6,49,4,206286,7,822,0,1085440,2,0,2,0,204730,2,1,2,0,243793,5,0,0,1,69,650000,62,62,4,79,7,1,227958,243793,2,0,1,353,0,-1,40,528384,65
837,146,255,255,1800,1,1,1903,255,255,4,53,255,1,1,Dundalk FC,255,59,-1,4,212106,4,10,-1,6,0,2,4,0,4500,1,145,4,306,1,64,64,64,67,2,-6,36,63,63,0,0,43,190031,1,99464,52,212106,0,0,10,73,2,212106,3,837,0,99464,2,0,2,0,201467,0,0,4,0,212106,12,0,0,0,38,900000,53,64,4,33,7,0,212106,212106,2,0,2,353,0,-1,53,123016,67
838,146,150,24,1000,255,255,1942,45,76,1,53,149,1,255,Bray Wanderers,84,75,-1,2,199480,4,2,-1,4,0,2,1,0,3185,0,69,4,306,1,55,53,53,53,2,-6,52,53,55,0,0,42,235072,1,1098753,32,235072,1,0,2,52,2,235072,6,838,0,286721,1,0,2,0,165458,1,0,3,0,235072,0,0,0,0,50,500000,54,55,4,53,10,0,207995,235072,2,0,1,353,0,-1,72,315393,51
873,76,81,0,20000,255,255,1922,65,156,3,52,121,3,255,Lech Poznań,198,76,-1,2,208160,4,10,-1,6,0,2,5,0,42837,1,388,5,1871,1,70,68,70,71,2,16,50,67,67,1,0,66,208160,0,132114,36,208160,1,0,5,56,2,208160,5,873,0,286738,2,0,2,0,189724,1,1,3,0,208160,7,0,0,1,49,5333000,62,69,5,61,5,2,201285,208160,2,0,5,353,0,-1,76,1073170,69
894,119,155,1,8000,255,255,1896,255,230,2,47,255,4,255,FC Zürich,255,48,-1,1,184287,4,6,-1,4,0,1,5,0,26104,1,539,3,322,1,67,67,67,61,2,8,66,65,65,1,0,39,231027,1,296000,57,184287,0,0,10,43,2,184287,6,894,0,1069120,2,0,2,0,190640,2,0,3,0,184287,12,0,0,1,66,2992000,69,67,4,73,5,1,184287,184287,2,0,4,353,0,-1,77,1069120,61
896,77,4,230,49300,129,1,1893,1,22,5,47,7,1,7,FC Basel,129,68,-1,4,210538,4,10,-1,6,0,2,7,0,38512,1,41,5,900,1,73,73,73,71,2,7,38,74,74,1,0,58,210538,0,83122,27,216158,1,0,12,68,2,183187,6,896,0,148658,1,0,2,0,183346,0,0,6,0,183187,20,0,0,1,38,9277438,48,73,5,38,4,1,183187,210538,2,0,6,353,0,-1,68,542898,71
897,76,98,0,10000,255,255,1901,240,170,3,47,230,3,255,FC Luzern,30,58,-1,4,184285,4,5,-1,4,0,2,4,0,17000,1,292,4,896,1,64,65,64,66,2,8,51,62,62,1,0,65,184285,1,90272,55,184285,1,0,2,75,2,184285,6,897,0,90272,1,0,2,0,193344,1,0,4,0,184285,1,0,0,1,53,3300000,53,65,5,59,6,1,184285,184285,2,0,3,353,0,-1,75,135328,66
898,6,148,45,11000,255,255,1879,45,88,2,47,168,2,255,FC St. Gallen,88,47,-1,1,52752,4,6,-1,4,0,2,3,0,19568,1,461,5,322,1,66,66,66,67,2,9,50,64,64,1,0,52,52752,0,1066018,49,210619,1,0,1,45,2,210619,7,898,0,1073186,2,0,2,0,231108,1,1,2,0,52752,2,0,0,0,52,3718000,52,66,5,65,5,1,233139,52752,2,0,4,353,0,-1,79,548898,67
900,119,209,255,31750,1,1,1898,255,0,4,46,219,2,1,BSC Young Boys,0,58,-1,4,179560,4,9,-1,5,0,2,6,0,31793,1,48,4,896,1,71,71,71,73,2,7,40,70,70,1,0,40,229752,0,99472,39,179560,1,0,6,80,2,179560,5,900,0,83088,0,0,2,0,45083,0,0,3,0,179560,12,0,0,0,40,4500000,40,71,5,40,5,1,156432,179560,2,0,4,353,0,-1,70,1069200,73
917,152,107,19,4900,1,1,1912,255,174,2,59,255,2,1,Stabæk Fotball,255,68,-1,4,233445,4,4,-1,6,0,2,2,0,4938,1,32,3,920,1,62,65,62,68,2,11,53,65,63,1,0,55,233445,1,99336,45,233445,1,0,1,65,2,233445,8,917,0,139272,0,0,2,0,155264,1,0,3,0,233445,1,0,0,0,53,500000,55,64,3,39,10,1,201876,233445,2,0,1,353,0,-1,45,542728,68
918,152,228,255,3400,1,1,1916,235,1,1,67,210,2,1,FK Bodø/Glimt,1,26,-1,0,203733,4,3,-1,4,0,2,3,0,5635,0,58,5,418,1,64,63,64,63,2,14,67,62,63,1,0,27,203733,1,1052680,52,242166,1,0,2,26,2,242166,4,918,0,526344,2,0,2,0,207622,3,0,3,0,203733,0,0,0,1,73,660000,72,63,5,72,5,1,222216,203733,2,0,1,353,0,-1,52,526344,63
919,152,19,204,8600,255,255,1908,245,25,3,60,10,2,255,SK Brann,12,26,-1,0,200770,4,7,-1,2,0,1,5,0,17686,0,46,3,920,1,68,68,69,67,2,5,51,69,69,1,0,31,200770,0,1049672,32,200770,0,0,6,30,2,200770,2,919,0,548936,2,0,2,0,189899,1,0,2,0,200770,3,0,0,0,50,1200000,38,68,4,45,5,1,189899,200770,2,0,1,353,0,-1,62,542792,67
920,152,46,25,7600,63,226,1913,255,202,3,59,255,2,31,Vålerenga,255,60,-1,4,152463,4,7,-1,5,0,2,5,0,17333,1,361,6,299,1,65,65,65,66,2,10,36,65,66,1,0,68,152463,1,132096,37,152463,0,0,4,78,2,152463,6,920,0,66560,2,0,2,0,152463,0,0,7,0,152463,5,0,0,0,38,1300000,48,65,6,38,4,1,226535,152463,2,0,2,353,0,-1,48,1052672,67
922,152,51,51,9200,255,255,1907,198,102,3,59,36,2,255,Strømsgodset Toppfotball,5,66,-1,4,203368,4,8,-1,6,0,1,3,0,8935,0,142,5,298,1,67,65,67,66,2,10,50,64,66,1,0,46,203368,2,148736,46,203368,1,0,5,66,2,203368,7,922,0,155904,2,0,2,0,233400,1,0,3,0,203368,2,0,0,0,49,1100000,42,66,5,57,7,1,176680,203368,2,0,1,353,0,-1,76,90368,66
982,76,1,255,12300,1,1,1983,255,1,5,37,255,5,1,FC Seoul,255,47,-1,1,202986,4,8,-1,4,0,2,6,0,66806,1,443,4,983,1,69,66,69,65,2,126,50,65,66,1,1,67,202986,0,73760,41,222661,1,0,2,47,4,222661,6,982,0,1056800,2,0,2,0,165888,1,0,2,0,202986,6,0,0,0,49,4600000,67,67,4,47,3,9,229949,202986,4,0,7,353,0,-1,41,526368,64
983,76,1,1,11800,255,255,1995,204,204,4,37,1,4,255,Suwon Bluewings,1,44,-1,1,212066,4,8,-1,4,0,2,5,0,43959,1,469,4,982,1,67,68,67,69,2,127,37,68,68,1,1,47,212066,1,1098808,42,212066,1,0,4,35,4,233457,5,983,0,1066040,2,0,2,0,212066,0,0,2,0,212066,4,0,1,0,38,5000000,53,68,5,33,2,9,180287,212066,4,0,5,353,0,-1,73,575544,69
1013,36,44,29,40000,17,217,1908,29,63,3,-34,44,1,27,San Lorenzo de Almagro,63,45,-1,1,215199,4,9,-1,4,0,2,7,0,47964,2,82,6,111711,1,71,72,70,76,2,-58,70,71,71,1,1,43,215199,1,69960,45,172019,1,0,0,39,2,172019,5,1013,0,1069384,1,0,2,0,200197,2,0,3,0,215199,15,0,0,0,70,8500000,73,72,6,69,4,-3,200197,215199,7,0,8,353,0,-1,65,1053000,76
1028,142,229,255,40000,29,226,1924,255,0,1,19,229,3,29,Monarcas Morelia,0,44,-1,1,213597,4,4,-1,4,0,2,4,0,34794,1,329,3,1880,2,69,69,69,73,2,-101,67,68,69,1,0,48,213597,0,1057024,32,213597,1,0,1,45,6,213597,4,1028,0,1052928,0,0,2,0,204406,2,0,3,0,213597,1,0,0,0,69,4933333,78,70,3,75,8,-6,213597,213597,7,0,5,353,0,-1,32,526592,73
1032,142,34,13,165000,255,255,1945,13,63,3,25,34,1,255,Monterrey,63,66,-1,4,198129,4,9,-1,6,0,2,7,0,53500,1,325,5,1970,2,74,74,73,74,2,-100,66,72,73,1,1,63,212541,0,115730,73,196143,1,0,2,63,2,212456,5,1032,0,167954,0,0,2,0,172077,2,0,5,0,196143,4,0,0,1,66,19602000,77,74,5,65,4,-6,184626,196143,7,0,8,353,0,-1,43,542738,73
1035,119,1,1,64000,255,255,1908,255,1,2,-20,255,3,255,Atlético Mineiro,255,67,-1,4,230459,4,7,-1,5,0,2,7,0,23018,1,44,3,568,1,75,74,75,76,2,-44,38,74,74,1,0,34,230286,1,165000,53,230459,0,0,1,64,2,230459,9,1035,0,165000,1,0,2,0,230175,0,0,5,0,230459,1,0,0,0,39,13500000,44,74,3,34,3,-3,230294,230459,7,0,6,353,0,-1,44,575624,76
1039,119,0,220,25000,1,1,1924,255,29,3,-25,255,2,1,Atlético Paranaense,255,43,-1,1,230267,0,5,-1,2,0,2,3,0,42370,2,129,2,111048,1,70,70,70,69,2,-49,72,70,70,1,1,53,230266,0,148484,79,230267,0,0,0,31,2,230267,8,1039,0,1085444,2,0,2,0,230401,2,0,2,0,230267,1,0,0,0,72,2100000,63,70,2,61,10,-3,230490,230267,7,0,4,353,0,-1,49,559108,69
1048,119,0,200,60000,255,255,1909,255,0,3,-30,255,1,255,Internacional,255,46,-1,1,230431,0,7,-1,4,0,2,6,0,50128,1,386,5,1629,1,74,74,74,73,2,-51,53,74,74,0,1,55,230183,1,73745,49,230431,1,0,1,47,2,230183,5,1048,0,1073169,2,0,2,0,230229,1,0,3,0,230183,3,0,0,0,52,8850000,55,74,5,47,5,-3,230495,230183,7,0,6,353,0,-1,69,167953,73
1053,119,255,255,68400,1,1,1912,1,255,3,-24,1,2,1,Santos,1,46,-1,1,230464,0,6,-1,3,0,2,5,0,16068,1,433,6,517,1,71,71,71,73,2,-46,50,71,71,0,0,37,230464,1,1082376,55,230464,1,0,1,39,5,230464,7,1053,0,1056776,2,0,2,0,230328,1,0,3,0,230464,8,0,0,1,53,6350000,37,71,5,59,8,-3,230498,230464,7,0,5,353,0,-1,55,526344,73
1318,119,255,255,0,6,241,1863,255,255,6,51,255,4,6,England,255,43,-1,3,246073,4,10,-1,4,0,2,0,0,90000,0,0,3,1337,1,82,82,82,84,2,0,36,81,81,0,0,41,246073,0,1049600,27,246073,1,0,0,43,2,246077,0,1318,0,1049600,0,0,2,0,190044,3,0,5,0,246073,0,0,0,0,38,0,43,82,4,33,0,0,5419,186345,2,0,8,353,0,-1,43,1049600,84
1322,6,9,204,0,255,255,1904,239,26,5,48,2,5,255,Austria (National team),40,66,-1,4,197445,4,10,-1,6,0,1,0,0,50865,1,0,4,1337,1,78,77,78,80,2,16,39,75,75,1,0,50,197445,1,164912,24,197445,0,0,0,70,2,197445,0,1322,0,132144,1,0,2,0,189606,0,1,6,0,197445,0,0,0,0,40,0,40,77,4,40,0,1,184200,197445,2,0,4,353,0,-1,40,73776,80
1325,77,40,238,0,69,250,1895,10,57,5,50,10,1,224,Belgium,10,68,-1,3,192985,4,10,-1,7,0,2,0,0,50122,1,0,3,105035,1,83,84,83,86,2,4,39,85,85,1,0,32,192985,0,115712,51,192985,1,0,0,62,4,192985,0,1325,0,181248,0,0,2,0,183277,0,0,6,0,192985,0,0,0,1,37,0,42,84,4,32,0,1,183277,192985,2,0,7,353,0,-1,62,312320,86
1327,6,107,37,0,255,255,1923,182,83,3,43,35,5,255,Bulgaria,41,49,-1,1,4833,4,10,-1,4,0,1,0,0,43340,1,0,4,1356,1,63,67,63,69,2,23,50,67,67,1,0,47,213885,2,73728,43,4833,1,0,0,35,2,4833,0,1327,0,1056768,2,0,2,0,202756,1,0,2,0,4833,0,0,0,0,51,0,47,67,4,55,0,2,4833,185373,2,0,5,353,0,-1,43,526336,69
1330,148,27,225,0,163,59,1901,255,34,3,50,255,3,90,Czech Republic,255,76,-1,2,226592,4,10,-1,7,0,1,0,0,21000,1,0,4,1337,1,74,75,74,73,2,14,49,74,74,0,0,33,189600,2,73728,33,6235,1,0,0,53,2,6235,0,1330,0,270336,2,0,2,0,189600,1,0,3,0,226592,0,0,0,0,51,0,61,75,4,43,0,1,198429,226592,2,0,5,353,0,-1,33,526336,73
1331,65,4,154,0,255,255,1889,153,8,4,55,3,3,255,Denmark,8,60,-1,4,190460,4,10,-1,5,0,2,0,0,38009,1,0,5,1363,1,79,78,79,77,2,13,51,77,77,0,0,45,190460,1,139552,45,190460,1,0,0,75,2,190460,0,1331,0,90400,0,0,2,0,213661,1,0,4,0,190460,0,0,1,0,53,0,33,78,5,59,0,1,190460,190460,2,0,5,353,0,-1,75,266528,77
1334,6,255,255,0,204,0,1907,255,255,2,60,235,5,102,Finland,245,25,-1,0,222912,4,10,-1,2,0,2,0,0,39784,1,0,2,1363,1,69,70,69,70,2,24,51,66,66,1,0,29,222912,0,1056768,46,222912,0,0,0,30,2,222912,0,1334,0,532480,2,0,2,0,198479,1,0,2,0,222912,0,0,0,0,49,0,68,70,2,52,0,2,190362,222912,2,0,3,353,0,-1,46,532480,70
1335,119,1,1,0,255,255,1904,255,136,2,48,1,2,255,France,1,29,-1,1,246070,4,10,-1,4,0,1,0,0,47929,1,0,4,1343,1,85,85,85,82,3,2,73,83,83,1,0,33,246070,1,263168,55,220814,1,0,0,24,2,246080,0,1335,0,526336,0,0,2,0,238443,0,0,7,0,246070,0,0,0,1,71,0,75,85,4,75,0,1,246070,194765,2,0,9,353,0,-1,55,526336,82
1337,76,255,255,0,1,1,1900,15,255,6,52,145,2,1,Germany,120,67,-1,1,238435,4,10,-1,4,0,2,0,0,74064,1,0,4,1318,1,85,85,85,84,3,13,39,84,84,0,0,44,238435,0,180864,43,236074,0,0,0,64,2,182521,0,1337,0,132224,0,0,2,0,238435,0,0,7,0,238435,0,0,0,1,39,0,44,85,4,34,0,1,3647,182521,2,0,10,353,0,-1,44,266368,84
1338,119,92,51,0,255,255,1926,15,180,4,37,136,1,255,Greece,210,27,-1,0,178115,4,10,-1,2,0,2,0,0,33334,1,0,2,1365,1,74,75,74,75,2,23,72,78,78,1,0,39,178115,0,1056864,48,203980,1,0,0,25,2,178115,0,1338,0,542816,0,0,2,0,181459,3,0,2,0,203980,0,0,0,0,69,0,68,75,3,68,0,2,183483,203980,9,0,6,353,0,-1,68,542816,75
1341,6,91,36,0,255,255,1947,221,167,4,64,23,4,255,Iceland,11,47,-1,1,191076,4,10,-1,3,1,1,0,0,9800,0,0,4,1331,1,74,72,74,73,2,-21,51,71,71,0,0,33,184484,1,1056768,49,191076,0,0,0,47,2,184484,0,1341,0,1056768,0,0,2,0,189167,1,0,2,0,184484,0,0,0,0,52,0,33,72,4,67,0,0,184484,184484,2,0,3,353,0,-1,49,526336,73
1343,148,107,0,0,210,0,1898,255,187,5,41,255,1,90,Italy,255,25,-1,3,230471,4,10,-1,4,0,1,0,0,73261,1,0,3,1335,1,81,83,81,84,2,12,71,83,83,1,0,27,231933,1,1073152,56,1114,1,0,0,28,2,1114,0,1343,0,544768,0,0,2,0,238439,3,0,5,0,230471,0,0,0,0,67,0,62,83,4,71,0,1,230471,198219,2,0,9,353,0,-1,66,544768,84
1352,119,5,164,0,255,255,1902,17,1,3,59,51,3,255,Norway,210,47,-1,1,182888,4,10,-1,4,0,2,0,0,27200,0,0,5,1363,1,74,74,74,75,2,10,69,73,73,0,0,66,182888,2,139264,36,187043,1,0,0,41,2,187043,0,1352,0,1052672,2,0,2,0,187043,2,0,2,0,182888,0,0,0,0,67,0,76,74,5,71,0,1,182888,182888,2,0,3,353,0,-1,36,528384,75
1353,119,2,206,0,255,255,1919,221,2,6,52,22,2,255,Poland,22,46,-1,1,188545,4,10,-1,4,0,2,0,0,58000,1,0,3,1337,1,76,77,76,82,2,21,52,74,74,1,0,34,197242,0,66592,56,164994,0,0,0,32,2,197242,0,1353,0,1056800,0,0,2,0,188545,1,0,2,0,188545,0,0,1,1,49,0,34,77,3,52,0,1,188545,188545,2,0,5,353,0,-1,56,526368,82
1354,119,10,210,0,2,0,1914,20,15,3,39,130,2,100,Portugal,0,74,-1,2,20801,4,10,-1,6,0,1,0,0,37593,1,0,3,1362,1,82,82,82,85,2,-9,52,80,80,1,0,47,20801,1,164896,77,53769,1,0,0,57,4,5589,0,1354,0,303136,0,0,2,0,20801,1,0,3,0,20801,0,0,0,1,50,0,39,82,3,63,0,0,20801,20801,2,0,8,353,0,-1,37,1056800,85
1355,6,153,0,0,255,255,1921,10,76,3,53,140,2,255,Republic of Ireland,31,67,-1,4,201884,4,10,-1,6,0,2,0,0,51700,0,0,5,1318,1,74,74,74,74,2,-6,50,76,76,1,0,55,201884,1,155648,35,201884,1,0,0,55,2,201884,0,1355,0,139264,2,0,2,0,180216,1,1,4,0,201884,0,0,0,0,53,0,67,74,5,31,0,0,169216,201884,2,0,5,353,0,-1,35,526336,74
1356,6,204,255,0,1,255,1909,1,1,5,44,1,5,1,Romania,204,47,-1,1,166124,4,10,-1,3,0,1,0,0,55634,1,0,4,1886,1,72,72,72,70,2,26,53,71,71,1,0,40,212047,1,1056840,56,235813,0,0,0,37,2,166124,0,1356,0,1056840,1,0,2,0,205943,1,1,2,0,166124,0,0,0,0,49,0,40,72,4,57,0,2,166124,212207,2,0,5,353,0,-1,56,526408,70
1357,77,16,255,0,255,255,1912,160,26,3,55,20,3,255,Russia,20,44,-1,1,187735,0,10,-1,4,0,2,0,0,45000,1,0,4,1353,1,77,78,77,79,2,37,49,76,76,1,0,46,187735,1,90112,77,187735,1,0,0,63,2,206225,0,1357,0,1089536,0,0,2,0,238380,1,1,2,0,187607,0,0,0,0,50,0,46,78,4,63,0,3,187607,187735,2,0,6,353,0,-1,37,542720,79
1359,77,55,20,0,255,255,1873,250,150,3,55,240,4,255,Scotland,1,47,-1,1,202539,4,10,-1,4,0,2,0,0,52063,0,0,4,1318,1,75,75,75,75,2,-4,50,74,74,0,0,67,202282,2,1056768,45,202539,1,0,0,39,2,202539,0,1359,0,1056768,2,0,2,0,216267,1,0,2,0,202539,0,0,0,0,53,0,67,75,4,39,0,0,202539,202539,2,0,4,353,0,-1,45,526336,75
1361,119,255,255,0,200,55,1991,100,255,3,47,175,3,20,Slovenia,40,74,-1,2,200647,4,10,-1,7,0,2,0,0,16100,1,0,3,1343,1,77,75,77,72,2,16,36,73,73,0,0,48,200647,1,132096,42,200647,1,0,0,58,2,200647,0,1361,0,263168,0,0,2,0,195365,0,0,6,0,200647,0,0,0,0,38,0,58,75,3,38,0,1,200647,200647,2,0,5,353,0,-1,58,1052672,72
1362,77,8,181,0,25,255,1909,200,16,1,40,44,1,173,Spain,22,68,-1,3,41,4,10,-1,4,0,2,0,0,81044,0,0,3,1343,1,86,86,86,86,2,-3,35,85,85,0,0,47,191695,0,262816,21,41,1,0,0,67,2,41,0,1362,0,131744,0,0,2,0,155862,3,0,5,0,41,0,0,0,1,36,0,51,86,4,28,0,1,191695,197781,2,0,9,353,0,-1,57,132256,86
1363,77,221,253,0,180,1,1904,250,26,4,59,210,1,106,Sweden,5,66,-1,4,208448,4,10,-1,6,0,2,0,0,50000,0,0,3,1331,1,75,76,75,78,2,18,53,76,76,0,0,60,208448,1,135168,40,208448,1,0,0,70,2,208448,0,1363,0,155648,0,0,2,0,156713,1,1,3,0,208448,0,0,1,0,53,0,40,76,3,49,0,1,208448,208448,2,0,5,353,0,-1,70,270336,78
1364,6,23,228,0,255,255,1895,222,6,4,47,11,3,255,Switzerland,11,46,-1,1,193348,4,10,-1,4,0,1,0,0,38512,1,0,5,1322,1,78,78,78,73,2,7,53,77,77,1,0,60,193348,1,1056784,55,193348,1,0,0,39,4,193348,0,1364,0,1056784,0,0,2,0,108080,1,0,2,0,193348,0,0,0,0,53,0,60,78,5,59,0,1,193352,193348,2,0,5,353,0,-1,55,266256,73
1365,119,17,213,0,255,255,1923,224,27,3,40,27,4,255,Turkey,34,75,-1,2,192991,4,10,-1,3,0,1,0,0,50500,1,0,5,1338,1,77,76,77,79,2,29,37,75,75,1,0,51,231887,2,181280,20,231887,1,0,0,51,4,231887,0,1365,0,263200,0,0,2,0,124635,0,0,7,0,192991,0,0,0,0,36,0,41,76,5,31,0,2,192991,192991,9,0,6,353,0,-1,41,1105952,79
1367,77,15,218,0,255,255,1876,1,4,5,51,181,5,255,Wales,1,44,-1,1,173731,4,10,-1,4,0,2,0,0,33280,1,0,5,1318,1,72,75,72,82,2,-3,68,73,73,0,0,57,186561,0,1052672,49,186561,0,0,0,53,2,186561,0,1367,0,1052672,0,0,2,0,163824,2,0,2,0,173731,0,0,0,0,72,0,67,75,5,63,0,0,173731,173731,2,0,4,353,0,-1,49,526336,82
1369,36,200,125,0,255,255,1893,100,255,2,-34,175,3,255,Argentina,225,74,-1,3,190042,4,10,-1,4,0,1,0,0,65645,0,0,3,1370,1,79,82,79,87,2,-58,36,77,77,1,0,33,190042,0,164992,52,190042,1,0,0,53,4,190042,0,1369,0,296064,2,0,2,0,1041,3,0,5,0,190042,0,0,0,1,38,0,43,82,4,33,0,-3,190042,158023,7,0,9,353,0,-1,43,1049728,87
1370,119,240,255,0,68,0,1914,20,1,5,-23,140,1,118,Brazil,70,75,-1,1,246089,4,10,-1,4,0,2,0,0,74738,0,0,4,1369,1,80,81,80,84,3,-43,51,80,80,0,0,64,246089,1,1082016,74,238430,1,0,0,54,4,236166,0,1370,0,303264,0,0,2,0,237067,0,1,7,0,246089,0,0,0,0,52,0,68,81,4,61,0,-3,237067,190871,2,0,10,353,0,-1,44,1106080,84
1375,6,17,230,0,255,255,1906,0,23,2,-25,56,3,255,Paraguay,168,58,-1,4,174381,4,10,-1,5,0,2,0,0,40759,2,0,5,1369,1,74,73,74,75,2,-57,50,72,72,1,0,46,174381,1,172032,76,174381,1,0,0,76,4,174381,0,1375,0,122880,2,0,2,0,140222,1,0,4,0,174381,0,0,0,0,49,0,42,73,5,57,0,-4,219932,174381,7,0,4,353,0,-1,76,90112,75
1377,6,206,135,0,255,255,1900,135,235,4,-34,207,2,255,Uruguay,244,48,-1,1,176580,4,10,-1,4,0,1,0,0,65235,0,0,6,1369,1,77,81,77,85,2,-56,51,80,80,1,0,33,170664,1,263424,47,170664,1,0,0,35,4,170664,0,1377,0,1057024,2,0,2,0,182493,1,0,2,0,176580,0,0,0,0,50,0,33,81,6,35,0,-3,179813,176580,7,0,7,353,0,-1,47,1052928,85
1386,77,124,12,0,255,255,1922,255,68,2,19,0,2,255,Mexico,0,74,-1,2,170370,4,10,-1,6,0,2,0,0,87523,1,483,3,1387,1,76,75,76,78,2,-99,50,73,73,1,0,70,210761,1,132116,40,186302,1,0,0,60,4,186302,0,1386,0,270356,1,0,2,0,140233,1,1,4,0,210761,0,0,1,0,53,0,52,75,3,49,0,-6,156353,170370,7,0,7,353,0,-1,40,1052692,78
1387,119,7,241,0,92,0,1913,255,16,7,48,255,2,37,United States,255,74,-1,2,176237,4,10,-1,4,0,1,0,0,40000,1,0,4,1386,1,73,74,73,74,2,-122,53,74,74,1,0,56,36111,0,132128,46,36111,1,0,0,56,2,36111,0,1387,0,270368,2,0,2,0,16254,1,0,2,0,176237,0,0,0,1,49,0,50,74,4,37,0,-8,176237,176237,2,0,6,353,0,-1,46,270368,74
1395,6,128,0,0,0,255,1959,255,0,7,4,233,5,0,Cameroon,0,59,-1,4,175896,4,10,-1,5,0,1,0,0,38509,1,0,5,111112,1,71,74,71,77,2,12,37,73,73,1,0,63,175896,1,90256,52,175896,1,0,0,73,9,175896,0,1395,0,99472,0,0,2,0,207797,0,0,6,0,175896,0,0,0,0,38,0,53,74,5,33,0,1,230512,175896,2,0,5,353,0,-1,53,165008,77
1415,119,221,255,0,59,12,1922,247,0,2,-33,176,8,79,Australia,52,58,-1,4,194958,4,10,-1,5,0,2,0,0,83500,1,0,3,111473,1,74,73,74,68,2,151,40,72,72,1,0,35,194958,1,66720,39,194958,1,0,0,75,2,194958,0,1415,0,66720,0,0,2,0,181483,0,0,7,0,194958,0,0,0,0,40,0,55,73,3,35,0,10,181483,194958,2,0,5,353,0,-1,55,132256,68
1438,123,0,255,1600,0,245,1927,255,0,2,37,255,2,0,Santa Clara,255,49,-1,1,245261,0,1,-1,4,0,2,2,0,12500,2,671,3,1891,1,69,69,69,69,2,-25,72,69,69,2,0,37,194946,1,1073152,51,245261,1,0,0,31,2,245261,2,1438,0,1052672,0,0,2,0,194946,2,0,2,0,245261,0,0,0,0,72,816444,67,69,3,61,9,-1,229282,245261,2,0,1,353,0,-1,51,526336,69
1439,68,24,239,4150,255,255,1910,230,33,3,56,20,2,255,Kalmar FF,28,45,-1,1,193358,4,3,-1,4,0,1,2,0,12000,0,239,5,703,1,65,66,65,66,2,16,53,66,64,1,0,45,177055,1,132160,35,241765,0,0,3,39,2,241765,8,1439,0,1056832,0,0,2,0,177055,1,0,2,0,193358,1,0,0,0,53,700000,45,65,5,59,7,1,193358,193358,2,0,1,353,0,-1,35,526400,66
1445,150,112,1,2400,255,255,1924,3,223,1,55,52,1,255,Esbjerg fB,220,68,-1,4,229725,4,2,-1,3,0,2,3,0,16942,0,157,3,1447,1,64,65,67,62,2,8,67,66,63,1,0,60,229725,1,1056769,60,229725,1,0,3,70,2,229725,7,1445,0,135169,2,0,2,0,150894,2,0,3,0,229725,5,0,0,0,71,500000,70,63,6,79,9,1,239365,229725,2,0,1,353,0,-1,60,1052673,63
1446,150,234,254,3350,1,1,1994,252,1,1,56,219,4,1,AC Horsens,1,27,-1,0,198622,4,3,-1,4,0,2,2,0,10400,1,560,3,271,1,63,65,65,63,2,10,72,65,64,1,0,39,198622,1,266240,43,198622,1,0,0,20,2,198622,6,1446,0,544768,1,0,2,0,229036,2,1,5,0,198622,0,0,0,0,72,830000,71,63,4,73,6,1,198622,198622,2,0,1,353,0,-1,63,528384,68
1447,150,155,69,3800,255,255,2004,52,241,4,55,67,1,255,SønderjyskE,134,76,-1,2,152038,4,4,-1,6,0,1,2,0,10000,0,204,4,1446,1,65,66,68,65,2,9,68,64,62,1,0,45,135032,1,319786,45,152038,1,0,0,55,2,152038,4,1447,0,282922,1,0,2,0,188978,2,0,4,0,152038,0,0,0,0,72,650000,63,64,4,69,6,1,152038,152038,2,0,1,353,0,-1,75,543018,68
1456,152,255,255,6500,1,1,1894,245,255,4,59,245,3,1,Odds Ballklubb,255,67,-1,4,148696,4,7,-1,6,0,2,4,0,11767,0,454,4,922,1,65,66,68,63,2,9,50,67,66,1,0,51,148696,2,132354,41,148696,0,0,12,61,2,148696,8,1456,0,139522,0,0,2,0,167159,1,1,4,0,148696,0,0,0,0,49,800000,67,65,4,31,6,1,152620,148696,2,0,2,353,0,-1,41,1052930,65
1463,152,255,255,2900,255,1,1993,245,255,1,59,225,4,1,FK Haugesund,235,58,-1,4,222519,4,4,-1,5,0,1,2,0,8754,0,212,4,919,1,64,63,64,62,2,5,67,63,64,1,0,34,202204,0,102536,64,222519,0,0,0,74,2,202204,5,1463,0,118920,2,0,2,0,104476,2,0,5,0,222519,0,0,0,0,69,610000,70,64,5,67,5,1,234489,222519,2,0,1,353,0,-1,64,542856,62
1473,76,102,1,12000,255,255,1983,255,204,3,35,204,3,255,Ulsan Hyundai,1,44,-1,1,176368,4,7,-1,4,0,2,4,0,44102,1,501,5,1474,1,68,68,68,67,2,129,50,68,66,1,1,67,155334,0,99330,61,208047,1,0,1,47,5,237098,5,1473,0,1089538,0,0,2,0,155334,1,0,2,0,176368,2,0,0,0,49,4200000,67,68,5,47,4,9,208047,176368,4,0,6,353,0,-1,31,542722,68
1474,76,1,204,8000,1,1,1973,255,1,4,35,255,4,1,Pohang Steelers,255,27,-1,0,221756,4,7,-1,2,0,1,5,0,17443,1,382,3,1473,1,65,66,65,68,2,129,68,65,66,1,1,35,221756,1,167952,43,221756,1,0,4,25,4,221756,7,1474,0,526352,2,0,2,0,184900,3,0,2,0,221756,5,0,0,1,72,3300000,73,67,3,73,3,9,221477,221756,4,0,5,353,0,-1,43,559120,68
1475,76,255,255,8750,1,1,1994,255,1,3,34,255,3,1,Jeonnam Dragons,255,44,-1,1,199165,4,5,-1,4,0,2,4,0,13496,1,203,4,1477,1,66,66,66,66,2,127,50,65,65,1,1,32,199262,1,1089538,68,165903,1,0,3,45,2,165903,6,1475,0,1089538,1,0,2,0,165903,1,0,6,0,199165,0,0,0,0,51,3300000,32,66,4,45,4,9,199262,199165,4,0,2,353,0,-1,48,559106,66
1477,76,204,1,19000,1,1,1994,255,1,5,35,255,5,1,Jeonbuk Hyundai Motors,255,47,-1,1,221875,4,10,-1,4,0,1,6,0,42477,1,233,5,1475,1,68,71,71,70,2,127,51,70,69,1,1,53,221875,1,1052802,79,202994,1,0,3,47,5,202994,5,1477,0,1106050,0,0,2,0,200577,1,0,2,0,221875,4,0,0,0,52,7144000,53,69,5,67,2,9,191910,221875,4,0,6,353,0,-1,79,1052802,70
1478,76,128,255,5850,1,1,1982,255,1,4,33,255,2,1,Jeju United,255,45,-1,1,192259,4,6,-1,4,0,1,3,0,35657,1,441,3,1475,1,66,66,65,67,2,126,38,65,66,1,1,33,191673,1,115744,54,191673,0,0,0,39,4,191673,2,1478,0,1082400,0,0,2,0,207753,0,0,2,0,192259,1,0,1,0,40,1839094,45,66,3,35,8,9,192259,192259,4,0,2,353,0,-1,45,1066016,67
1480,45,1,1,1977,255,255,1904,225,200,3,55,1,1,255,Carlisle United,1,49,-1,1,168633,4,5,-1,4,0,2,2,0,17949,0,95,6,1801,2,61,61,60,55,2,-3,36,61,63,0,0,61,168633,1,1049604,40,189695,1,0,0,42,2,168633,8,1480,0,1049604,2,0,2,0,168633,0,1,4,0,168633,0,0,0,0,36,700000,46,62,6,36,7,0,200714,168633,2,0,1,353,0,-1,46,1056772,55
1516,150,33,224,19800,1,1,1999,221,34,7,56,30,2,1,FC Midtjylland,27,68,-1,4,49756,4,10,-1,6,0,2,5,0,11800,0,216,3,819,1,71,71,74,70,2,9,40,71,70,1,0,61,49756,0,172192,45,49756,1,0,0,61,2,49756,6,1516,0,148640,2,0,2,0,49756,0,0,7,0,49756,2,0,1,0,36,2900000,51,70,4,31,3,1,49756,49756,2,0,3,353,0,-1,71,1052832,72
1524,152,255,255,3100,1,1,1905,240,1,1,58,235,2,1,IK Start,1,44,-1,1,226033,4,3,-1,4,0,2,3,0,14448,0,254,4,1456,1,61,65,63,63,2,8,70,66,62,1,0,59,226033,1,270336,57,226033,0,0,0,43,2,226033,6,1524,0,1069056,0,0,2,0,208350,2,1,3,0,226033,2,0,1,0,70,850000,69,63,5,73,3,1,241652,226033,2,0,1,353,0,-1,77,528384,66
1530,135,255,255,28000,1,1,1919,255,255,2,47,255,3,1,Angers SCO,255,44,-1,1,214949,4,3,-1,3,0,2,1,0,17048,1,17,4,71,1,73,74,74,70,2,0,71,74,74,0,0,44,214949,2,1073234,42,219470,0,0,0,33,2,219470,2,1530,0,1052754,2,0,2,0,225532,2,0,3,0,214949,0,0,0,0,73,4722667,74,73,4,63,7,1,198836,178160,2,0,1,353,0,-1,42,526418,73
1569,76,122,4,6000,255,255,1947,0,196,2,52,100,4,255,Wisła Płock,196,27,-1,0,208630,4,5,-1,2,0,2,2,0,10978,1,579,3,1871,1,66,64,65,64,2,19,50,61,63,1,0,35,208630,1,1057040,53,208630,0,0,1,22,2,208630,5,1569,0,532752,1,0,2,0,223779,1,0,2,0,208630,0,0,0,0,51,2316000,37,64,3,35,6,2,208630,208630,2,0,2,353,0,-1,53,526608,64
1596,68,90,1,2900,255,255,1903,250,177,1,62,190,4,255,GIF Sundsvall,10,74,-1,2,240134,4,3,-1,4,0,1,2,0,8000,0,468,3,113173,1,64,62,63,64,2,17,38,60,61,1,0,69,240134,1,263204,38,191106,0,0,0,59,2,191106,5,1596,0,263204,1,0,2,0,187334,0,0,2,0,240134,0,0,0,0,39,650000,49,63,4,39,8,1,187334,240134,2,0,1,353,0,-1,49,1056804,65
1598,119,255,255,16000,153,0,1931,175,255,3,-13,19,3,84,Bahia,41,66,-1,4,230420,0,4,-1,4,0,2,4,0,47907,0,417,3,1719,1,71,71,71,70,2,-39,50,71,71,0,0,40,230263,0,73728,40,230420,1,0,0,70,2,230420,3,1598,0,139264,2,0,2,0,230224,1,0,2,0,230420,2,0,0,0,53,1900000,42,71,3,69,9,-3,230474,230420,7,0,3,353,0,-1,40,528384,70
1629,119,174,0,95000,255,255,1903,1,239,3,-30,1,2,255,Grêmio,1,76,-1,2,230481,0,9,-1,5,0,2,6,0,55662,1,386,5,1048,1,73,75,73,74,2,-51,52,74,74,1,1,57,230481,1,99752,67,230481,1,0,5,57,4,230481,10,1629,0,303528,2,0,2,0,230397,1,1,3,0,230481,2,0,0,0,50,8500000,69,75,5,43,6,-3,230503,230481,7,0,8,353,0,-1,57,1085864,74
1715,119,11,208,12000,255,255,1898,218,29,2,46,11,8,255,FC Thun,29,25,-1,0,238497,4,6,-1,2,0,2,2,0,10000,1,479,2,900,1,64,64,64,61,2,7,49,61,61,1,0,29,203439,1,1082378,66,203439,1,0,0,22,2,238497,5,1715,0,565258,2,0,2,0,199284,1,0,2,0,238497,0,0,0,1,49,3624000,66,64,2,41,6,1,238497,238497,2,0,3,353,0,-1,56,548874,61
1719,119,17,255,9500,1,1,1899,255,0,2,-13,255,2,1,Vitória,255,66,-1,4,230487,0,4,-1,4,0,2,2,0,30618,0,417,5,1598,1,72,71,72,72,2,-38,67,72,72,1,0,36,230483,1,106769,46,230483,1,0,0,66,4,230487,8,1719,0,135441,2,0,2,0,230252,2,0,4,0,230487,0,0,1,0,71,1450000,62,71,6,67,9,-3,230296,230487,7,0,2,353,0,-1,46,542993,72
1738,137,191,153,14000,135,30,1872,255,230,3,49,255,2,64,Le Havre AC,255,47,-1,1,173040,4,7,-1,4,0,2,3,0,25178,1,267,6,210,1,70,68,70,67,2,0,49,68,67,0,0,51,173040,1,270336,43,190659,1,0,1,43,4,190659,8,1738,0,1056768,2,0,2,0,173040,1,0,2,0,173040,0,0,0,0,51,4228000,51,68,6,63,5,1,173040,173040,2,0,1,353,0,-1,43,1052672,67
1746,122,90,32,37000,255,255,1920,47,167,2,43,118,4,255,Empoli,215,75,-1,2,233478,4,3,-1,4,0,2,2,0,16284,1,154,3,110374,1,72,72,71,71,2,10,37,72,72,1,0,65,229758,1,66592,24,233478,1,0,0,55,2,233478,7,1746,0,263200,1,0,2,0,189053,0,0,6,0,233478,0,0,0,0,40,5000000,35,72,3,35,10,1,189053,233478,2,0,1,353,0,-1,35,1049632,72
1750,70,102,1,15000,1,1,1899,50,51,2,51,152,4,1,Cercle Brugge,101,26,-1,0,204320,4,6,-1,4,0,2,6,0,28474,1,78,4,231,1,69,68,69,67,2,3,70,67,67,1,0,23,204320,0,1085505,67,204320,1,0,2,26,2,204320,6,1750,0,559169,0,0,2,0,163640,3,0,5,0,204320,3,0,0,0,68,3900000,67,68,4,67,6,1,204320,204320,2,0,3,353,0,-1,57,542785,66
1757,152,80,1,1900,255,255,1998,1,145,2,59,70,3,255,Sandefjord Fotball,120,43,-1,1,191728,4,1,-1,3,0,1,1,0,6600,0,624,4,917,1,62,63,62,64,2,10,68,63,63,1,0,41,191728,1,1057034,43,191728,1,0,0,35,2,191728,7,1757,0,1052938,0,0,2,0,166879,2,0,2,0,191728,0,0,0,0,68,550000,71,63,4,65,6,1,190539,191728,2,0,1,353,0,-1,43,526602,64
1785,77,115,15,5400,255,255,1922,15,26,1,47,115,3,255,SV Mattersburg,27,27,-1,0,228971,4,4,-1,2,0,2,1,0,15100,1,307,3,111821,1,64,63,64,64,2,16,70,62,62,1,0,23,228971,1,545090,33,223867,0,0,0,21,2,223867,9,1785,0,526658,2,0,2,0,177397,3,0,2,0,228971,0,0,0,0,68,2216800,63,64,3,43,4,1,228971,228971,2,0,3,353,0,-1,33,543042,65
1786,150,217,151,4140,87,1,2003,72,239,4,56,122,2,2,Randers FC,238,47,-1,1,223694,4,4,-1,4,0,2,2,0,10300,0,396,5,271,1,64,63,64,63,2,10,73,63,65,1,0,46,213530,2,1057096,38,223694,0,0,1,33,2,223694,3,1786,0,1069384,2,0,2,0,213530,2,0,2,0,223694,0,0,1,0,71,700000,76,64,5,63,7,1,223694,223694,2,0,1,353,0,-1,78,526664,63
1788,150,16,197,6100,8,255,1991,237,26,2,55,31,4,198,FC Nordsjælland,41,43,-1,1,234488,4,7,-1,5,0,1,3,0,10300,0,161,3,819,1,64,67,67,65,2,12,39,66,65,1,0,39,234488,1,66720,48,234488,1,0,2,31,4,234488,9,1788,0,1066144,0,0,2,0,235658,0,0,5,0,234488,1,0,1,1,39,950000,49,65,3,39,7,1,234488,234488,2,0,2,353,0,-1,69,1052832,67
1790,45,60,1,5000,255,255,1898,5,170,2,50,85,3,255,Portsmouth,190,44,-1,1,152454,4,8,-1,4,0,1,6,0,19669,0,387,3,17,0,66,67,67,66,2,-1,72,68,66,0,0,69,225310,1,1089536,79,152454,1,0,2,31,2,152454,7,1790,0,1101824,0,0,2,0,152454,2,0,3,0,152454,2,0,0,0,68,1200000,79,66,4,61,4,0,152454,152454,2,0,2,353,0,-1,79,544768,68
1792,45,239,251,90000,28,1,1902,251,5,3,52,239,2,120,Norwich City,11,45,-1,1,200857,4,6,-1,4,0,1,6,0,27244,2,351,6,94,2,71,72,71,72,2,1,36,69,69,2,0,56,200857,1,1049602,50,200857,0,0,0,41,2,200857,4,1792,0,1082370,2,0,2,0,152567,0,0,5,0,200857,0,0,0,1,36,8600000,46,71,6,36,8,0,200857,200857,2,0,1,353,0,-1,46,303106,73
1793,45,56,1,32000,255,255,1871,1,168,3,51,56,3,255,Reading,168,74,-1,2,173530,4,6,-1,4,0,2,4,0,24161,2,397,6,1934,2,69,68,67,69,2,0,52,68,70,2,0,52,221279,1,270404,52,173530,1,0,0,52,2,221279,5,1793,0,270404,1,0,2,0,200758,1,0,2,0,221279,0,0,0,0,50,5700000,54,69,6,33,6,0,221279,173530,2,0,1,353,0,-1,52,542788,69
1794,45,3,227,15000,255,255,1889,1,11,3,53,1,8,255,Sheffield United,1,66,-1,4,192540,4,2,-1,6,0,2,4,0,32702,2,447,4,1807,2,71,70,70,71,2,-1,53,71,70,2,0,65,189177,2,148640,55,189177,1,0,4,65,2,192540,6,1794,0,155808,2,0,2,0,163050,1,1,2,0,189177,1,0,0,0,53,4400000,65,70,6,59,5,0,163050,192540,2,0,1,353,0,-1,75,1073312,70
1795,120,255,255,640000,1,1,1881,255,1,4,51,255,3,1,Watford,100,43,-1,1,182744,4,4,-1,6,0,2,5,0,21000,0,523,5,1793,0,78,76,77,76,2,0,50,76,76,0,0,32,182744,0,1082725,46,182744,1,0,0,41,2,193061,1,1795,0,1073509,2,0,2,0,183125,1,0,3,0,193061,0,0,0,0,49,48000000,32,77,5,41,5,0,183125,193061,2,1,3,353,0,-1,66,319845,76
1796,120,37,124,575000,216,147,1882,129,45,5,53,44,2,190,Burnley,52,45,-1,1,191076,4,4,-1,3,0,2,5,0,21994,0,84,4,3,0,77,77,76,77,2,-2,68,78,78,0,0,65,191076,1,139594,31,191076,1,0,1,47,2,191076,2,1796,0,1069386,0,0,2,0,189682,2,1,2,0,191076,2,0,0,0,72,45000000,75,78,6,77,5,0,192123,191076,2,0,3,353,0,-1,71,545098,75
1797,45,1,226,6000,255,255,1925,226,1,3,53,1,4,255,Rotherham United,1,45,-1,1,202771,4,7,-1,4,0,2,3,0,12021,2,411,3,1807,2,67,66,67,66,2,-1,70,65,66,2,0,51,202771,0,116120,73,226012,1,0,0,35,2,226012,2,1797,0,1102232,2,0,2,0,156464,2,0,2,0,202771,0,0,0,0,70,2300000,61,67,4,65,6,0,190583,202771,2,0,1,353,0,-1,73,526744,66
1798,45,255,255,3900,1,1,2004,220,255,2,52,1,5,1,Milton Keynes Dons,1,68,-1,4,138830,4,9,-1,6,0,2,2,0,30500,0,317,4,1938,0,64,65,62,66,2,0,49,64,64,0,0,58,138830,0,132098,48,138830,1,0,0,68,2,213665,4,1798,0,155650,0,0,2,0,138830,1,0,2,0,208302,0,0,0,0,51,1300000,46,65,5,45,6,0,182883,138830,2,0,1,353,0,-1,68,139266,66
1799,120,102,1,650000,1,206,1905,1,194,3,51,102,3,1,Crystal Palace,194,75,-1,2,194932,4,4,-1,4,0,1,4,0,26074,0,285,3,1808,0,76,77,76,78,2,0,53,77,76,0,0,50,206304,1,1105984,80,206304,1,0,0,60,2,206304,1,1799,0,303168,0,0,2,0,206304,1,0,3,0,206304,0,0,0,0,53,50000000,70,77,3,49,5,0,206304,194932,2,0,4,353,0,-1,50,542784,79
1800,45,208,150,3100,255,255,1883,175,255,2,52,208,5,255,Coventry City,255,66,-1,4,223268,4,6,-1,6,0,2,4,0,32609,0,122,4,95,2,65,66,66,65,2,-1,52,67,64,0,0,47,152735,1,132112,37,223268,1,0,1,67,2,223268,5,1800,0,139280,2,0,2,0,152735,1,0,3,0,223268,0,0,0,0,50,900000,44,64,4,63,6,0,152735,223268,2,0,1,353,0,-1,37,139280,67
1801,45,255,255,12000,71,0,1880,255,255,5,53,255,5,10,Preston North End,255,60,-1,4,213692,4,3,-1,4,0,2,3,0,23404,2,389,4,1926,2,70,69,69,70,2,-2,49,68,70,2,0,61,213692,1,123226,71,213692,1,0,2,71,2,206518,3,1801,0,123226,2,0,2,0,173518,1,0,5,0,213692,2,0,0,1,49,3000000,41,70,4,51,7,0,216464,213692,2,0,1,353,0,-1,71,575834,69
1802,45,56,48,2550,255,255,1893,48,140,2,51,53,3,255,Gillingham,160,49,-1,1,189900,4,2,-1,2,0,2,2,0,10500,0,184,3,1934,0,61,61,61,62,2,0,52,61,63,0,0,69,198692,1,1056768,37,213339,0,0,0,43,2,189900,5,1802,0,1056768,2,0,2,0,152483,1,0,2,0,189900,0,0,0,0,50,600000,69,62,3,43,8,0,198011,189900,2,0,1,353,0,-1,37,1052672,62
1803,45,1,255,2850,1,1,1888,255,1,1,52,255,10,1,Walsall,255,66,-1,4,239119,4,3,-1,4,0,2,2,0,11300,0,519,3,127,0,65,63,64,65,2,-1,69,61,65,0,0,64,239119,0,181386,34,239119,0,0,0,64,2,225769,6,1803,0,151690,0,0,2,0,225769,2,0,3,0,239119,0,0,0,0,67,600000,64,65,7,71,7,0,192450,239119,2,0,1,353,0,-1,74,542858,64
1804,45,19,105,4200,15,246,1903,105,28,3,53,19,4,166,Bradford City,58,45,-1,1,177618,4,7,-1,4,0,2,5,0,25136,0,66,4,1797,0,63,64,63,64,2,-1,49,64,65,0,0,41,177618,2,82944,38,177618,1,0,1,34,2,177618,3,1804,0,1073152,2,0,2,0,177618,1,0,2,0,177618,0,0,0,0,51,1400000,41,65,4,34,5,0,177618,177618,2,0,1,353,0,-1,68,172032,64
1805,137,47,1,8000,255,255,1911,1,94,1,45,59,1,255,Grenoble Foot 38,104,45,-1,1,208835,4,1,-1,4,0,2,3,0,20068,1,685,4,66,1,65,66,67,69,2,5,73,65,65,0,0,38,208835,1,1056768,42,176692,1,0,0,45,2,176692,3,1805,0,1052672,0,0,2,0,223594,2,0,2,0,208835,0,0,0,0,71,2864000,68,65,4,75,6,1,227232,208835,2,0,1,353,0,-1,42,528384,70
1806,45,6,204,320000,255,255,1863,216,23,3,52,6,3,255,Stoke City,23,67,-1,4,234457,4,6,-1,6,0,2,5,0,30089,2,465,5,1928,2,74,75,74,73,2,-2,49,75,74,2,0,41,200521,0,73768,41,200521,1,0,0,61,2,184716,1,1806,0,139304,0,0,2,0,169596,1,0,2,0,200521,0,0,0,0,49,34000000,61,74,5,51,4,0,202052,200521,2,0,4,353,0,-1,41,1069096,73
1807,45,41,41,68000,255,255,1867,35,202,2,53,35,2,255,Sheffield Wednesday,255,75,-1,2,209701,4,7,-1,4,0,2,6,0,39732,2,447,5,1794,2,71,71,69,72,2,-1,52,65,66,2,0,44,209701,1,279552,44,183540,1,0,3,54,6,209701,4,1807,0,286720,0,0,2,0,193569,1,0,2,0,209701,4,0,0,0,52,8000000,54,71,5,61,7,0,188996,209701,2,1,1,353,0,-1,74,548864,72
1808,120,82,33,440000,255,255,1901,55,176,5,50,100,5,255,Brighton & Hove Albion,186,75,-1,3,206594,4,2,-1,4,0,2,5,0,30666,0,74,3,1799,0,76,76,75,76,2,0,49,75,75,0,0,51,236480,0,155978,41,222404,1,0,0,51,6,206594,3,1808,0,287050,0,0,2,0,145047,3,0,5,0,206594,0,0,0,0,49,36500000,51,76,4,31,6,0,206594,190765,2,0,1,353,0,-1,61,282954,76
1809,135,112,132,34000,255,255,1937,54,172,3,43,36,4,255,Toulouse FC,80,76,-1,2,182945,4,3,-1,5,0,1,3,0,33150,1,488,6,59,1,74,73,74,71,2,1,38,73,73,0,0,35,182945,2,66626,34,182945,0,0,1,55,2,182945,7,1809,0,263234,2,0,2,0,182945,0,0,3,0,182945,0,0,0,0,40,7151333,45,74,6,35,5,1,182945,182945,2,0,1,353,0,-1,45,526402,70
1813,137,99,1,8000,255,255,1925,1,164,1,46,86,2,255,Chamois Niortais FC,148,67,-1,4,225174,4,3,-1,4,0,1,1,0,11352,0,348,3,1530,1,63,63,63,64,2,0,53,62,64,0,0,35,225174,1,139424,35,225174,0,0,0,65,2,237198,4,1813,0,155808,2,0,2,0,183831,1,0,5,0,225174,0,0,0,0,53,2864000,35,64,5,39,6,1,183831,225174,2,0,1,353,0,-1,65,266400,64
1815,137,26,165,7000,104,1,1990,255,57,2,45,255,1,48,Clermont Foot,255,49,-1,1,233061,4,4,-1,4,0,1,2,0,11980,0,111,5,1819,1,67,68,69,66,2,3,66,68,65,0,0,39,208861,1,270360,47,233061,0,0,0,43,2,220876,3,1815,0,1069080,2,0,2,0,228290,2,0,3,0,230019,0,0,0,0,66,2702000,69,66,5,73,5,1,233061,230019,2,0,1,353,0,-1,77,528408,68
1816,135,255,255,25000,1,1,1901,195,255,2,49,195,2,1,Amiens SC,195,49,-1,1,221791,4,1,-1,4,0,2,1,0,12097,1,565,6,65,1,73,73,73,74,2,2,50,71,73,0,0,32,221791,1,270360,80,221791,1,0,0,49,2,221791,2,1816,0,1089560,0,0,2,0,245390,1,0,2,0,221791,0,0,0,0,53,3916667,32,73,6,49,8,1,225584,187688,2,0,1,353,0,-1,50,526360,74
1819,135,130,9,68000,255,255,1919,30,45,2,45,130,2,255,AS Saint-Étienne,76,43,-1,1,193476,4,6,-1,3,0,1,6,0,41965,1,414,3,66,1,76,75,76,74,2,4,51,74,76,1,0,48,194845,1,270592,34,193476,0,0,6,37,2,193476,5,1819,0,1057024,2,0,2,0,159147,1,0,3,0,194845,10,0,0,0,52,9724000,48,76,4,57,5,1,194845,194845,2,0,3,353,0,-1,34,1052928,74
1823,137,30,231,17000,255,255,1967,255,1,2,48,1,1,255,AS Nancy,1,46,-1,1,234534,4,7,-1,4,0,2,3,0,20087,1,335,3,68,1,67,67,67,68,2,6,51,67,67,0,0,58,228774,1,1057032,52,228774,1,0,1,45,2,176996,5,1823,0,1057032,1,0,2,0,215390,1,0,2,0,176996,0,0,0,0,50,3677667,58,67,3,45,7,1,213110,176996,2,0,1,353,0,-1,52,526600,68
1824,114,1,1,199830,255,255,1899,224,1,3,50,1,4,255,Eintracht Frankfurt,1,60,-1,4,208574,4,5,-1,5,0,2,7,0,51500,1,167,5,169,1,76,76,75,78,2,8,39,73,74,1,0,57,158438,0,115744,51,205995,1,0,5,77,2,230564,4,1824,1,115744,2,0,2,0,201269,0,0,5,0,183871,1,0,0,0,37,14500000,57,76,5,37,5,1,205693,208574,2,0,4,353,0,-1,67,151584,79
1825,116,57,1,12700,255,255,1902,57,166,2,51,144,4,255,MSV Duisburg,224,46,-1,1,184273,4,3,-1,4,0,2,5,0,31500,1,144,4,110636,1,70,69,70,69,2,6,49,68,69,1,0,66,184273,1,139322,38,184273,1,0,0,33,2,207887,3,1825,0,1056826,2,0,2,0,184273,1,0,2,0,157528,0,0,0,0,51,800000,66,69,6,33,9,1,205892,157528,2,0,1,353,0,-1,38,542778,67
1831,116,6,227,15240,254,255,1966,255,19,2,52,211,3,255,1. FC Union Berlin,1,66,-1,4,193254,4,9,-1,4,0,2,6,0,22012,1,47,3,166,1,70,70,69,70,2,13,52,70,71,1,0,37,191066,1,181248,37,193254,1,0,0,67,2,193254,5,1831,0,155648,1,0,2,0,193254,1,0,7,0,193254,0,0,0,0,50,3500000,49,71,5,43,2,1,193254,193254,2,0,1,353,0,-1,67,286720,70
1832,76,100,50,8120,255,255,1894,15,210,2,49,100,4,255,Karlsruher SC,240,75,-1,2,211742,4,9,-1,3,0,2,5,0,28762,1,241,3,36,1,66,67,66,66,2,8,39,68,66,1,0,37,228245,1,172049,21,211742,1,0,2,57,2,211742,7,1832,0,279569,2,0,2,0,186788,0,0,3,0,228245,1,0,0,0,37,800000,47,66,4,37,5,1,186788,211742,2,0,1,353,0,-1,67,542737,67
1837,122,118,56,157000,255,255,1946,226,186,2,44,60,4,255,Sampdoria,73,76,-1,2,201508,4,5,-1,7,0,2,5,0,36599,1,180,3,110556,1,76,75,76,76,2,8,37,72,72,1,0,53,152922,1,132096,47,152922,1,0,4,53,4,152922,6,1837,0,263168,0,0,2,0,159261,0,0,5,0,201508,1,0,0,0,38,14000000,33,75,3,33,6,1,159261,201508,2,1,3,353,0,-1,33,263168,77
1842,122,0,212,62000,121,0,1920,255,14,3,39,255,5,61,Cagliari,255,29,-1,0,224232,4,4,-1,6,0,1,4,0,16223,1,90,3,48,1,74,75,75,75,2,9,72,73,73,1,0,32,224232,2,1052672,45,224232,0,0,0,27,2,224232,7,1842,0,526336,1,0,2,0,139997,3,0,2,0,224232,1,0,0,0,71,6000000,65,74,3,65,4,1,224232,224232,2,0,1,353,0,-1,45,526336,75
1843,6,176,255,40000,1,1,1900,255,198,2,38,128,4,1,Palermo,163,68,-1,4,192612,4,8,-1,6,0,2,5,0,36349,1,368,4,45,1,70,71,71,70,2,13,53,72,71,1,0,56,192612,2,148545,36,220084,1,0,0,66,2,220084,6,1843,0,155713,2,0,2,0,192612,1,1,5,0,204350,0,0,1,0,49,5866667,50,71,4,37,7,1,204350,204350,2,1,2,353,0,-1,66,542785,71
1844,6,31,100,20000,255,255,1915,135,60,2,43,41,1,255,Livorno,81,75,-1,2,7647,4,5,-1,3,0,2,3,0,19238,1,283,3,110741,1,66,68,67,68,2,10,50,67,67,1,0,65,178448,1,132101,35,169388,1,0,0,55,2,163925,3,1844,0,286725,0,0,2,0,178448,1,0,2,0,178448,0,0,0,0,53,4066667,37,67,3,59,7,1,194783,178448,2,0,1,353,0,-1,75,1052677,68
1847,6,255,255,12000,1,1,1898,1,255,3,42,1,2,1,Ascoli,1,74,-1,2,212459,4,4,-1,4,0,1,5,0,20853,1,26,5,200,1,66,68,66,68,2,13,50,67,65,1,0,45,212459,1,295936,55,212459,0,0,0,55,2,212459,6,1847,0,286720,2,0,2,0,203915,1,1,2,0,212459,0,0,1,0,53,3912000,57,67,5,59,5,1,172696,212459,2,0,1,353,0,-1,75,526336,69
1853,121,90,15,39000,0,147,1909,30,150,1,39,100,2,0,Levante UD,170,28,-1,0,237239,4,3,-1,3,0,2,4,0,25354,2,504,2,461,1,77,76,77,76,2,0,72,75,75,2,0,32,237239,1,1056848,54,199823,1,0,0,29,2,199823,4,1853,0,526416,1,0,2,0,216475,3,0,2,0,237239,0,0,0,0,71,8209500,74,76,4,54,4,1,216475,237239,2,0,1,353,0,-1,54,526416,76
1854,121,255,255,2500,1,1,1940,233,255,2,38,233,3,1,Albacete Balompié,233,66,-1,4,146487,4,4,-1,4,0,2,2,0,17524,2,8,4,1853,1,68,69,68,70,2,-1,51,69,69,2,0,57,146487,0,164868,37,146487,0,0,0,67,2,146487,4,1854,0,155652,0,0,2,0,198630,1,1,2,0,146487,0,0,0,0,50,1525000,53,69,5,35,5,1,208505,146487,2,0,1,353,0,-1,67,542724,71
1860,121,85,0,35400,255,255,1983,0,190,3,40,65,2,255,Getafe CF,160,46,-1,1,178424,4,5,-1,4,0,2,3,0,17000,2,182,5,100888,1,75,77,75,77,2,-3,36,77,77,2,0,51,178424,1,1049601,37,203843,1,0,0,43,2,203843,1,1860,0,1049601,0,0,2,0,154472,0,0,2,0,178424,0,0,0,0,38,5409120,53,77,5,33,7,1,177633,178424,2,0,2,353,0,-1,53,528385,79
1861,121,50,220,10900,255,255,1989,195,50,2,36,35,2,255,UD Almería,35,26,-1,0,219837,4,4,-1,4,0,1,4,0,15000,2,14,6,573,1,68,67,68,68,2,-2,73,66,66,2,0,36,219837,1,303105,52,219837,1,0,0,21,2,219837,5,1861,0,528385,1,0,2,0,194200,2,0,2,0,219837,0,0,0,1,69,3459660,64,68,6,63,6,1,189661,219837,2,0,1,353,0,-1,52,542721,66
1867,121,170,10,5300,255,255,1954,0,140,2,37,160,3,255,Córdoba CF,130,28,-1,0,171315,4,6,-1,4,0,2,4,0,20989,1,119,3,110832,1,67,67,67,64,2,-4,51,67,69,2,0,27,171315,1,1049665,44,242336,0,0,0,29,2,242336,4,1867,0,532545,0,0,2,0,171315,1,0,2,0,171315,0,0,0,0,52,2153920,48,67,3,57,5,1,171315,171315,2,0,1,353,0,-1,44,528449,64
1871,76,130,0,23500,255,255,1916,1,50,7,52,132,4,255,Legia Warszawa,90,66,-1,4,239212,4,10,-1,5,0,1,5,0,31103,1,521,4,873,1,69,70,69,74,2,21,37,70,69,1,0,45,174669,1,164864,54,174669,1,0,19,65,4,174669,5,1871,0,164864,0,0,2,0,148496,0,1,6,0,174669,13,0,1,1,40,7361375,55,70,4,35,3,2,159017,174669,2,1,5,353,0,-1,55,526336,74
1873,76,0,227,12000,255,255,1906,1,27,5,50,40,3,255,Wisła Kraków,176,76,-1,2,176207,4,7,-1,7,0,2,4,0,33326,1,252,3,110747,1,67,67,70,67,2,19,73,66,65,1,0,52,224146,1,123169,62,224146,1,0,4,52,2,170612,5,1873,0,315681,0,0,2,0,176207,2,1,4,0,170612,13,0,0,1,71,2850000,68,66,3,75,8,2,189655,170612,2,0,3,353,0,-1,62,559393,71
1876,36,255,255,100800,33,223,1901,255,255,5,-34,255,5,17,River Plate,255,58,-1,4,171828,4,10,-1,5,0,1,8,0,61688,2,82,6,1877,1,75,76,75,75,2,-58,71,75,74,1,1,64,226377,1,123040,74,226377,1,0,2,74,4,226377,6,1876,0,118944,0,0,2,0,139064,2,0,3,0,171828,36,0,0,1,67,14200000,74,75,6,78,2,-3,184252,171828,7,0,9,353,0,-1,74,1069216,76
1877,6,200,125,107500,250,250,1905,232,255,5,-34,180,3,250,Boca Juniors,65,44,-1,1,153177,0,10,-1,5,0,2,8,0,49000,0,82,5,1876,0,77,77,77,77,2,-58,37,76,75,0,0,57,215079,0,99332,50,224254,1,0,3,31,4,153177,6,1877,0,1082372,0,0,2,0,215079,0,1,5,0,192342,33,0,1,0,36,15000000,31,76,5,31,2,-3,192342,153177,7,0,9,353,0,-1,31,1049604,77
1878,142,94,10,90000,255,255,1927,10,187,1,19,94,1,255,Cruz Azul,187,66,-1,4,186302,4,6,-1,4,0,1,3,0,87523,1,314,4,1879,2,73,71,72,72,2,-99,71,70,71,1,0,40,186302,1,132400,40,186302,1,0,3,70,4,167532,6,1878,0,151856,0,0,2,0,156412,2,0,2,0,167532,8,0,0,0,67,13162500,70,72,4,79,4,-6,192373,167532,7,1,7,353,0,-1,70,526640,72
1879,142,249,253,150000,97,2,1916,253,0,2,19,249,1,43,América,0,67,-1,3,225356,4,10,-1,7,0,2,8,0,87523,1,314,5,1880,2,75,74,75,73,2,-99,72,72,72,1,0,45,204738,2,165024,35,204738,0,0,5,65,2,204738,6,1879,0,135328,0,0,2,0,158543,2,1,3,0,225356,12,0,0,0,72,25125000,75,73,5,69,2,-6,219797,225356,7,0,9,353,0,-1,35,1073312,73
1880,142,26,226,190000,255,255,1906,0,34,2,20,69,2,255,Guadalajara,139,49,-1,1,213445,4,9,-1,4,0,2,8,0,46232,1,198,5,1879,2,72,71,74,73,2,-103,38,70,69,1,0,33,224574,1,1082369,33,213445,0,0,4,31,5,213445,10,1880,0,1065985,0,0,2,0,139229,0,1,2,0,213445,12,0,0,0,39,19190000,39,71,5,39,5,-6,213445,213445,7,0,8,353,0,-1,79,542721,73
1881,142,122,168,88000,49,0,1954,168,0,2,19,122,1,0,U.N.A.M.,0,46,-1,1,226797,4,6,-1,4,0,2,4,0,52000,1,314,5,1879,2,70,71,71,73,2,-99,53,69,69,1,0,55,226797,0,119040,56,173434,1,0,1,32,4,173434,6,1881,0,1073408,0,0,2,0,173434,1,0,2,0,173434,7,0,0,0,49,11594000,55,70,5,52,5,-6,173434,226797,7,0,6,353,0,-1,66,542976,74
1882,142,44,238,62000,255,255,1917,238,67,1,19,44,2,255,Toluca,67,66,-1,4,152916,4,7,-1,6,0,2,4,0,30000,1,483,5,1879,2,73,72,74,68,2,-99,52,71,72,1,0,52,152916,0,132112,52,152916,1,0,2,62,2,152916,3,1882,0,139280,0,0,2,0,152916,1,0,3,0,152916,10,0,0,0,50,7384200,54,72,5,33,7,-6,152916,152916,7,0,7,353,0,-1,52,266256,68
1884,119,111,28,9500,255,255,1908,10,57,3,37,10,1,255,Panathinaikos FC,10,58,-1,4,183870,4,8,-1,5,0,2,6,0,17003,1,27,5,280,1,68,69,68,70,2,23,52,71,71,1,0,67,183870,1,66816,37,183870,1,0,18,77,2,183870,3,1884,0,73984,2,0,2,0,208260,1,1,4,0,183870,20,0,0,0,50,3562500,59,69,5,63,4,2,210401,183870,9,0,3,353,0,-1,37,1052928,70
1886,6,255,255,0,1,205,1901,1,255,3,47,93,6,1,Hungary,17,43,-1,1,194945,4,10,-1,4,0,2,0,0,22500,1,0,3,1356,1,71,71,71,72,2,19,68,70,70,0,0,33,231493,1,132096,37,194945,1,0,0,35,2,234171,0,1886,0,1052672,2,0,2,0,201751,2,0,4,0,234171,0,0,0,0,72,0,63,71,3,65,0,1,246087,234171,2,0,4,353,0,-1,37,532480,72
1887,123,255,255,26500,1,1,1922,1,255,2,41,1,3,1,Vitória Guimarães,1,43,-1,1,210377,0,7,-1,4,0,2,4,0,30008,1,200,5,1896,1,74,74,74,73,2,-8,66,73,73,1,0,63,210377,0,1089536,35,210377,1,0,1,39,2,210377,8,1887,0,1052672,0,0,2,0,223818,2,0,3,0,210377,0,0,0,1,66,4100000,73,74,4,69,7,0,199626,210377,2,0,3,353,0,-1,35,526336,73
1889,123,93,47,12000,255,255,1919,255,155,2,38,255,3,255,Belenenses,255,76,-1,2,188313,0,5,-1,4,0,2,3,0,32830,2,281,5,665,1,68,68,68,67,2,-9,52,69,69,1,0,37,188313,0,286737,57,188313,1,0,3,57,6,188313,1,1889,0,286737,2,0,2,0,213203,1,0,2,0,188313,1,0,0,0,50,880000,69,68,5,43,10,0,188313,188313,2,0,1,353,0,-1,67,544785,67
1891,123,1,1,5400,255,255,1910,255,1,2,33,255,3,255,Nacional,255,46,-1,1,207762,0,3,-1,3,0,2,3,0,5200,1,171,4,1893,1,69,69,69,69,2,-17,49,68,68,1,0,56,213705,0,139522,46,207762,0,0,0,41,6,207762,9,1891,0,1057026,2,0,2,0,207762,1,0,3,0,213705,0,0,0,0,49,2100000,56,69,5,61,4,0,226299,207762,2,0,1,353,0,-1,46,542978,69
1893,123,2,214,14500,13,13,1910,20,18,3,33,100,5,97,Marítimo,80,44,-1,1,205524,0,6,-1,4,0,2,4,0,10600,0,171,5,1891,1,72,72,72,72,2,-17,70,71,71,1,0,43,205524,1,139268,45,239875,1,0,0,39,2,205524,2,1893,0,1052676,2,0,2,0,20800,2,0,2,0,205524,0,0,0,0,70,1540000,73,72,5,69,6,0,205524,205524,2,0,3,353,0,-1,45,526340,72
1896,123,0,233,54500,255,255,1921,255,0,4,41,255,3,255,Braga,255,67,-1,4,229406,0,8,-1,6,0,2,5,0,30154,2,67,3,1887,1,76,77,76,77,2,-8,38,76,76,1,0,47,229406,1,83072,51,213516,0,0,2,67,2,213516,6,1896,0,181376,0,0,2,0,199737,0,0,5,0,229406,0,0,0,0,37,8400000,47,77,5,37,4,0,224116,229406,2,0,3,353,0,-1,77,528512,77
1898,123,1,1,6500,255,255,1903,255,1,2,41,255,4,255,Boavista,255,44,-1,1,192636,0,4,-1,4,0,2,3,0,30000,2,385,3,1887,1,72,71,72,70,2,-8,49,69,69,1,0,56,192636,0,1057088,58,234935,1,0,5,45,2,193692,4,1898,0,1057088,0,0,2,0,216097,1,0,2,0,193692,1,0,0,0,51,830000,56,71,3,65,8,0,193692,193692,2,0,2,353,0,-1,58,526656,70
1900,123,150,50,4300,255,255,1938,255,65,2,41,255,3,255,Moreirense,255,49,-1,1,192156,0,4,-1,4,0,2,1,0,6153,0,200,4,666,1,70,71,70,70,2,-8,71,72,72,2,0,44,192156,1,1056776,34,189221,1,0,0,41,2,192156,4,1900,0,1052680,0,0,2,0,235226,2,0,3,0,224538,0,0,0,0,73,830000,74,71,4,71,9,0,243270,224538,2,0,1,353,0,-1,34,526344,70
1903,118,48,197,45000,255,255,1970,4,48,3,52,69,2,255,FC Utrecht,137,75,-1,2,213613,4,7,-1,4,0,1,5,0,23750,2,502,4,245,2,71,70,69,72,2,5,50,70,70,2,0,55,169808,2,303392,35,169808,1,0,3,55,2,210010,8,1903,0,270624,0,0,2,0,158800,1,0,2,0,213613,0,0,0,1,53,12150000,47,71,4,39,2,1,213613,213613,2,0,2,353,0,-1,35,266528,73
1904,118,216,255,28000,5,5,1912,235,33,1,51,196,7,5,NAC Breda,13,26,-1,0,186502,4,2,-1,3,0,2,4,0,19000,2,618,3,1907,2,66,66,66,68,2,4,70,61,65,2,0,23,222161,0,1052736,52,243834,1,0,1,22,2,209662,5,1904,0,526400,0,0,2,0,204816,3,0,2,0,222161,0,0,0,0,68,4750000,62,67,4,62,7,1,200235,186502,2,0,1,353,0,-1,52,526400,68
1906,118,1,232,82000,255,255,1967,255,1,6,52,30,2,255,AZ,30,68,-1,4,240679,4,9,-1,6,0,1,5,0,17023,2,11,5,245,2,73,73,74,71,2,4,38,72,72,2,0,49,240679,1,66694,43,240679,1,0,4,69,2,228747,9,1906,0,132230,0,0,2,0,235663,0,0,6,0,228747,2,0,0,0,39,9000000,39,72,5,39,7,1,240679,240679,2,0,4,353,0,-1,39,270470,71
1907,118,255,255,25000,34,224,1896,38,255,3,51,75,4,25,Willem II,153,74,-1,2,200106,4,4,-1,4,0,2,3,0,14500,2,482,5,1904,2,68,68,67,71,2,5,39,66,66,2,0,64,200106,0,132225,38,200106,1,0,2,54,2,224956,4,1907,0,279681,0,0,2,0,215527,0,0,2,0,224956,3,0,0,0,39,4500000,34,68,6,34,7,1,210441,200106,2,0,1,353,0,-1,74,1052801,72
1909,118,219,246,86000,10,10,1892,226,1,5,51,199,1,10,Vitesse,1,58,-1,4,186982,4,8,-1,5,0,1,4,0,21248,2,24,5,635,2,71,72,72,72,2,5,37,70,70,2,0,40,186982,2,66728,24,186982,1,0,1,80,2,169978,4,1909,0,83112,0,0,2,0,189938,0,1,7,0,199386,0,0,0,1,40,12792500,40,72,5,40,4,1,181780,199386,2,0,2,353,0,-1,70,270504,72
1913,118,113,1,75000,255,255,1920,227,184,3,52,1,5,255,sc Heerenveen,15,67,-1,4,221919,4,6,-1,5,0,2,5,0,27224,2,213,4,1915,2,69,69,69,70,2,5,38,65,67,2,0,57,232736,1,132232,31,221919,1,0,1,67,2,221919,7,1913,0,132232,2,0,2,0,201301,0,0,5,0,221919,0,0,0,0,37,7400000,47,69,4,37,8,1,236498,221919,2,0,2,353,0,-1,47,266376,71
1914,118,15,15,35000,255,255,1910,32,200,3,52,167,4,255,PEC Zwolle,99,66,-1,4,226539,4,5,-1,5,0,2,4,0,13250,2,540,5,100634,2,68,68,67,69,2,6,38,68,68,2,0,49,224185,1,132232,48,226539,1,0,1,69,4,224185,7,1914,0,132232,0,0,2,0,209371,0,0,7,0,226539,0,0,0,0,39,5350000,49,68,6,39,7,1,205603,226539,2,0,1,353,0,-1,49,1052808,69
1915,118,162,19,62000,255,255,1971,1,107,3,53,143,3,255,FC Groningen,82,47,-1,1,237647,4,6,-1,4,0,2,5,0,22550,2,196,5,1913,2,67,67,66,67,2,6,66,67,69,2,0,39,237647,1,139296,57,237647,1,0,1,43,2,237647,7,1915,0,1052704,1,0,2,0,192358,2,0,2,0,225114,0,0,0,0,66,6200000,69,68,4,73,8,1,225114,237647,2,0,2,353,0,-1,57,526368,67
1917,45,89,29,11000,255,255,1932,29,175,3,53,89,2,255,Wigan Athletic,195,43,-1,1,194091,4,9,-1,4,0,1,3,0,25138,2,528,6,4,2,70,69,70,70,2,-2,40,67,67,2,0,60,194091,2,1082372,20,194091,1,0,1,37,2,194091,3,1917,0,1049604,2,0,2,0,197975,0,1,5,0,194091,0,0,0,0,36,4300000,36,69,6,36,3,0,194091,194091,2,0,1,353,0,-1,36,1056772,70
1919,45,1,225,32000,255,255,1894,225,1,3,51,1,4,255,Bristol City,1,76,-1,2,220969,4,5,-1,4,0,2,4,0,27000,2,76,5,1962,2,70,69,69,72,2,-2,50,70,70,2,0,70,196916,1,263210,60,196916,0,0,0,60,2,196916,3,1919,0,270378,1,0,2,0,196916,1,0,2,0,196916,0,0,0,0,53,8700000,52,70,5,49,3,0,194017,196916,2,0,1,353,0,-1,60,548906,71
1920,45,86,29,5200,255,255,1895,29,152,3,53,86,2,255,Oldham Athletic,152,27,-1,0,169474,4,8,-1,2,0,2,2,0,13512,0,357,2,1955,0,63,63,64,62,2,-2,69,62,61,0,0,38,221499,1,532545,48,221499,1,0,0,22,2,221499,4,1920,0,528449,2,0,2,0,50632,2,0,2,0,221499,0,0,0,0,67,650000,72,62,2,75,9,0,221499,169474,2,0,1,353,0,-1,48,528449,64
1923,45,112,255,3000,255,255,1885,1,1,2,51,1,1,255,Luton Town,60,47,-1,1,169389,4,6,-1,4,0,2,4,0,10356,0,291,5,1795,2,65,66,65,68,2,0,40,65,63,0,0,60,169389,0,164864,53,219177,1,0,0,43,2,169389,6,1923,0,1082368,0,0,2,0,169389,0,1,4,0,169389,0,0,0,0,39,900000,39,65,5,39,5,0,182617,169389,2,0,1,353,0,-1,39,1089536,68
1925,45,1,242,22000,255,255,1889,1,34,2,51,1,2,255,Brentford,1,74,-1,2,224189,4,6,-1,5,0,2,3,0,12763,2,285,5,15,2,69,70,69,71,2,0,39,71,70,2,0,44,224189,1,296096,43,224189,0,0,0,54,2,224189,4,1925,0,263328,0,0,2,0,190633,0,0,6,0,224189,0,0,0,1,39,7000000,34,70,5,34,3,0,221697,224189,2,0,1,353,0,-1,34,1056928,72
1926,45,134,255,4500,255,255,1887,255,20,6,53,110,6,255,Blackpool,20,26,-1,0,177495,4,5,-1,2,0,2,3,0,17338,0,56,2,1801,0,64,66,65,64,2,-3,39,68,62,0,0,21,177495,2,1049624,51,177495,1,0,1,26,2,177495,6,1926,0,574488,2,0,2,0,186558,0,0,3,0,177495,0,0,0,0,37,650000,57,64,3,37,8,0,184467,177495,2,0,1,353,0,-1,67,526360,64
1928,45,255,255,5000,1,1,1876,255,255,4,53,255,3,1,Port Vale,255,29,-1,0,179636,4,8,-1,4,0,2,2,0,19052,0,465,3,1806,2,61,62,62,62,2,-2,71,62,62,0,0,29,193957,0,1052674,50,179636,0,0,0,30,2,179636,2,1928,0,544770,2,0,2,0,177414,2,0,3,0,179636,0,0,0,0,73,800000,78,62,5,79,10,0,177414,179636,2,0,1,353,0,-1,80,528386,63
1929,45,75,1,3200,255,255,1886,1,1,1,50,100,2,255,Plymouth Argyle,1,75,-1,2,192451,4,7,-1,4,0,2,4,0,16388,0,381,4,143,0,65,64,64,64,2,-4,49,64,65,0,0,58,138390,0,172058,38,192451,1,0,0,58,2,138390,4,1929,0,286746,0,0,2,0,138390,1,0,3,0,138390,0,0,0,0,51,850000,56,65,5,33,4,0,192451,192451,2,0,1,353,0,-1,68,544794,63
1930,45,1,153,5000,255,255,1897,153,39,3,52,1,3,255,Northampton Town,29,58,-1,4,171923,4,8,-1,5,0,2,2,0,7798,0,350,3,1938,0,62,62,60,65,2,0,38,62,63,0,0,42,202693,0,66816,21,202693,1,0,0,72,2,202693,3,1930,0,66816,2,0,2,0,193123,0,0,3,0,220994,0,0,0,0,37,750000,52,63,4,32,7,0,227446,171923,2,0,1,353,0,-1,52,270592,62
1932,45,1,230,6200,255,255,1887,200,1,2,53,1,2,255,Barnsley,1,29,-1,0,213798,4,9,-1,2,0,2,5,0,23287,2,38,2,1794,2,66,65,65,66,2,-1,70,65,67,2,0,33,215638,1,188432,55,211209,0,0,1,21,2,211209,7,1932,0,544784,2,0,2,0,216627,2,0,2,0,213798,0,0,0,0,70,1250000,65,66,3,69,8,0,205887,213798,2,0,1,353,0,-1,65,544784,65
1933,45,182,77,2300,65,1,1887,1,227,3,51,139,1,33,Wycombe Wanderers,212,67,-1,4,183449,4,1,-1,6,0,2,2,0,9617,0,217,6,1935,2,62,66,62,65,2,0,71,67,66,0,0,65,183449,0,151576,35,183449,1,0,0,65,2,183449,3,1933,0,151576,0,0,2,0,53818,2,1,5,0,183449,0,0,0,0,68,700000,62,65,6,79,8,0,183449,183449,2,0,1,353,0,-1,75,544792,65
1934,45,6,221,4000,255,255,1879,221,24,2,51,6,3,255,Swindon Town,24,45,-1,1,53827,4,7,-1,4,0,2,2,0,15547,0,471,5,1951,2,61,61,60,63,2,-1,70,61,62,0,0,59,183780,1,1056769,32,53827,1,0,0,36,2,53827,6,1934,0,1052673,0,0,2,0,183780,2,1,2,0,53827,0,0,0,0,71,700000,69,62,5,66,8,0,53827,53827,2,0,1,353,0,-1,32,1052673,61
1935,45,102,51,1812,255,255,1937,31,255,3,51,85,2,255,Colchester United,255,68,-1,4,220139,4,6,-1,4,0,1,3,0,10105,0,113,6,1954,2,65,65,66,64,2,0,51,64,64,0,0,40,207806,0,181594,70,207806,1,0,0,70,2,207806,6,1935,0,188762,2,0,2,0,170229,1,0,2,0,220139,0,0,0,0,53,750000,58,64,6,49,3,0,207806,220139,2,0,1,353,0,-1,70,543066,67
1936,45,22,233,2160,255,255,1887,180,22,3,52,10,6,255,Cheltenham Town,10,43,-1,1,196353,4,4,-1,4,0,2,3,0,7066,0,578,5,1934,2,61,62,62,61,2,-2,72,62,62,0,0,69,196353,1,1073410,47,199046,0,0,0,43,2,233052,6,1936,0,1069314,0,0,2,0,164854,2,0,3,0,196353,0,0,0,0,72,600000,79,62,5,73,8,0,245147,196353,2,0,1,353,0,-1,67,542978,61
1937,45,1,1,2093,255,255,1862,1,1,2,53,1,3,255,Notts County,1,47,-1,1,223989,4,9,-1,4,0,2,4,0,19841,0,352,6,14,2,63,63,64,63,2,-1,39,62,64,0,0,69,223989,0,1066040,31,223989,0,0,1,43,4,223989,5,1937,0,1066040,2,0,2,0,139317,0,0,2,0,223989,0,0,0,0,37,1000000,47,64,4,37,2,0,139317,223989,2,0,2,353,0,-1,67,286776,65
1938,45,90,1,4000,255,255,1934,1,195,10,52,90,10,255,Peterborough United,215,28,-1,0,239350,4,8,-1,4,0,2,3,0,15314,0,379,5,1798,0,66,65,66,66,2,0,70,61,64,0,0,23,202422,2,526488,69,239350,1,0,0,26,2,228894,6,1938,0,542872,0,0,2,0,202422,3,1,5,0,182681,0,0,0,0,68,1100000,69,65,5,49,4,0,187157,182681,2,0,1,353,0,-1,49,526488,67
1939,120,113,1,400000,255,255,1908,1,185,5,53,113,5,255,Huddersfield Town,185,67,-1,4,205351,4,2,-1,6,0,2,3,0,24169,0,221,5,8,0,75,74,75,75,2,-1,50,74,75,0,0,61,194958,1,73888,41,194958,1,0,1,61,5,194958,3,1939,0,139424,2,0,2,0,183546,1,1,3,0,205351,3,0,0,0,49,37500000,37,75,5,51,5,0,194958,205351,2,0,1,353,0,-1,41,266400,74
1940,45,204,255,2800,204,51,1897,245,1,2,53,201,1,102,Mansfield Town,1,45,-1,1,222463,4,8,-1,4,0,1,2,0,9186,0,303,6,1937,2,63,64,62,65,2,-1,39,64,64,0,0,49,222463,2,132482,43,222463,1,0,0,31,2,222463,3,1940,0,1049986,1,0,2,0,183138,0,1,4,0,222463,0,0,0,0,39,750000,49,64,6,39,3,0,165185,222463,2,0,1,353,0,-1,49,526722,66
1943,120,1,221,540000,1,1,1899,231,1,3,50,10,4,1,Bournemouth,10,43,-1,1,166838,4,3,-1,4,0,1,4,0,11329,0,65,5,17,0,74,77,76,77,2,-1,38,76,76,0,0,38,166838,0,1049608,34,166838,1,0,0,49,2,166838,2,1943,0,1049608,2,0,2,0,243669,0,0,4,0,166838,0,0,0,0,40,47000000,40,76,5,40,4,0,221618,172768,2,0,3,353,0,-1,40,1056776,78
1944,45,207,250,1694,26,11,1912,250,40,7,52,207,4,6,Cambridge United,40,28,-1,0,193932,4,6,-1,2,0,2,3,0,8127,0,92,2,1938,2,61,60,60,61,2,0,40,58,60,0,0,23,193932,0,1066004,28,193932,0,0,0,28,2,193932,3,1944,0,541716,2,0,2,0,181725,0,0,2,0,193932,0,0,0,1,39,700000,44,61,5,34,4,0,207950,193932,2,0,1,353,0,-1,74,541716,61
1945,45,255,255,3750,204,1,1885,255,255,15,53,255,5,51,Bury,255,26,-1,0,166841,4,7,-1,2,0,1,2,0,11840,0,87,2,1955,0,63,64,65,65,2,-2,51,63,62,0,0,28,201212,0,1073220,32,166841,1,0,2,28,2,166841,3,1945,0,548932,2,0,2,0,166848,1,0,2,0,166841,0,0,0,0,50,1100000,38,63,4,45,6,0,192970,166841,2,0,1,353,0,-1,62,548932,65
1949,45,32,149,2800,251,68,1899,170,51,2,53,32,3,191,Scunthorpe United,51,45,-1,1,200895,4,7,-1,4,0,2,2,0,9088,0,439,5,142,0,66,65,67,64,2,0,49,63,65,0,0,41,200895,2,1056792,43,200895,1,0,0,43,2,200895,4,1949,0,1056792,2,0,2,0,170027,1,0,2,0,200895,0,0,0,0,51,900000,41,66,5,43,6,0,200895,200895,2,0,1,353,0,-1,43,526360,64
1951,45,240,240,3300,110,1,1893,255,1,2,51,255,3,1,Oxford United,255,47,-1,1,183442,4,7,-1,5,0,2,3,0,12500,0,364,5,1934,1,66,67,66,66,2,-1,39,67,66,0,0,59,183442,1,99352,51,183442,1,0,0,35,2,183442,6,1951,0,1082392,1,0,2,0,200840,0,0,5,0,183442,0,0,0,1,37,1000000,37,66,6,37,5,0,183442,183442,2,0,1,353,0,-1,37,542744,66
1952,45,173,241,70000,1,1,1904,241,1,4,53,173,3,1,Hull City,1,67,-1,4,224371,4,5,-1,4,0,2,4,0,25586,2,223,5,8,2,69,69,68,69,2,0,72,69,70,2,0,33,224371,0,139536,53,224371,1,0,0,63,2,224371,2,1952,0,135440,0,0,2,0,140498,2,0,3,0,224371,0,0,0,0,68,7000000,67,70,6,65,8,0,169586,224371,2,0,1,353,0,-1,53,526608,69
1954,45,28,0,3650,255,255,1906,0,97,3,51,28,3,255,Southend United,130,46,-1,1,202033,4,6,-1,4,0,2,3,0,12392,0,460,4,1935,0,65,64,64,64,2,0,52,63,65,0,0,39,165485,0,99666,57,140451,0,0,0,35,10,202033,4,1954,0,1073490,0,0,2,0,186494,1,0,2,0,200319,0,0,0,0,50,700000,39,65,4,55,7,0,165485,200319,2,0,1,353,0,-1,77,543058,62
1955,45,102,51,2350,1,1,1907,51,190,15,53,102,10,1,Rochdale,245,67,-1,4,212990,4,3,-1,6,0,2,1,0,10249,0,407,6,1945,0,65,65,65,64,2,-2,40,65,64,0,0,31,210029,2,263248,25,190995,0,0,0,61,2,190995,5,1955,0,148560,2,0,2,0,118646,0,1,5,0,212990,0,0,0,0,36,650000,41,64,5,31,9,0,118646,212990,2,0,1,353,0,-1,61,132176,65
1959,45,51,1,1700,255,255,1876,1,255,2,53,153,2,255,Macclesfield Town,255,45,-1,1,163768,4,1,-1,3,0,2,2,0,5908,2,686,5,1955,2,59,60,59,60,2,-2,53,58,60,2,0,35,13883,1,1056768,69,13883,1,0,0,47,2,13883,4,1959,0,1105920,2,0,2,0,13883,1,0,2,0,163768,0,0,0,1,52,550000,35,60,4,47,6,0,163768,163768,2,0,1,353,0,-1,69,526336,60
1960,45,255,255,200000,1,1,1912,255,255,5,51,255,4,1,Swansea City,255,49,-1,1,202491,4,5,-1,4,0,2,4,0,21088,2,470,6,1961,2,73,72,73,71,2,-3,39,69,69,2,0,34,202491,0,1049701,51,202491,1,0,0,33,2,202491,5,1960,0,1082469,0,0,2,0,207725,0,0,5,0,202491,0,0,0,0,37,15200000,42,72,6,32,8,0,220031,202491,2,0,4,353,0,-1,42,270437,71
1961,120,93,16,365000,255,255,1899,16,170,4,51,93,3,255,Cardiff City,170,76,-1,2,189462,4,1,-1,4,0,2,4,0,33316,0,94,3,1960,0,74,72,73,72,2,-3,66,72,73,0,0,55,189462,2,135236,45,189462,1,0,1,55,2,189462,3,1961,0,282692,2,0,2,0,187033,2,1,4,0,189462,0,0,0,0,66,35000000,65,73,5,69,5,0,189462,189462,2,0,1,353,0,-1,65,526404,72
1962,45,1,1,3400,255,255,1883,11,240,12,51,60,14,255,Bristol Rovers,180,76,-1,2,188490,4,6,-1,7,0,2,3,0,12296,0,76,6,1919,0,66,64,66,62,2,-2,52,64,64,0,0,42,163581,0,303476,72,188490,0,0,0,52,2,188490,6,1962,0,319860,2,0,2,0,211363,1,1,2,0,188490,0,0,0,0,50,1000000,64,64,6,53,6,0,188490,188490,2,0,1,353,0,-1,72,526708,62
1968,121,245,245,3500,170,1,1910,250,0,3,36,250,3,60,Cádiz CF,111,74,-1,2,213937,4,5,-1,4,0,2,5,0,25033,2,574,5,573,1,70,69,70,69,2,-6,69,67,67,2,0,40,213937,0,155776,40,213937,1,0,0,60,2,213937,3,1968,0,282752,0,0,2,0,172411,2,0,3,0,213937,0,0,0,0,67,1965833,68,69,7,79,3,1,234772,213937,2,0,1,353,0,-1,70,1069184,69
1970,142,176,255,190000,160,0,1960,255,27,3,25,205,1,50,Tigres U.A.N.L.,54,74,-1,2,153244,4,10,-1,7,0,2,6,0,41650,1,424,6,1032,2,76,75,76,77,2,-100,37,73,73,1,0,68,186992,1,164954,52,188041,1,0,3,58,4,188041,3,1970,0,263258,1,0,2,0,207939,0,1,6,0,153244,6,0,1,0,38,26980000,58,75,4,38,3,-6,153244,153244,7,0,7,353,0,-1,58,541786,77
1971,118,15,15,11000,25,255,1902,250,15,2,51,250,6,33,Excelsior,250,28,-1,0,172475,4,2,-1,3,0,2,1,0,4500,2,412,3,246,2,67,66,67,65,2,4,68,66,66,2,0,35,184071,0,266312,54,184071,1,0,0,30,2,172475,2,1971,0,526408,2,0,2,0,184071,3,0,2,0,172475,0,0,0,0,72,2600000,64,66,3,44,9,1,172475,172475,2,0,1,353,0,-1,54,526408,62
2007,70,218,241,6300,1,1,1970,255,50,3,51,255,4,1,Lokeren,255,74,-1,2,212944,4,5,-1,4,0,1,4,0,12136,1,284,4,110913,1,70,69,70,67,2,3,49,69,69,1,0,46,212944,1,303177,46,212944,1,0,2,56,2,212944,5,2007,0,286793,1,0,2,0,135891,1,1,3,0,212944,0,0,0,0,49,2400000,36,69,6,61,6,1,212944,212944,2,1,1,353,0,-1,76,526409,67
2013,70,255,255,6700,1,1,1945,230,255,1,50,230,5,1,Eupen,230,43,-1,1,16,4,2,-1,4,0,1,1,0,8363,1,562,3,232,1,69,68,69,68,2,6,69,64,66,1,0,50,16,0,296016,80,16,1,0,0,49,8,16,8,2013,0,1085520,1,0,2,0,16,2,0,2,0,16,0,0,0,1,73,2600000,80,68,4,79,5,1,16,16,2,0,1,353,0,-1,60,561232,68
2017,77,178,12,4000,255,255,1946,255,222,2,47,255,3,255,TSV Hartberg,255,27,-1,0,238989,4,2,-1,4,0,0,2,0,4635,1,689,5,209,1,62,63,65,65,2,15,73,62,61,1,0,40,238989,1,1056768,53,238989,1,0,0,27,2,238989,4,2017,0,526336,2,0,2,0,169333,3,0,4,0,238989,0,0,0,0,68,1480000,73,62,4,53,9,1,201891,238989,2,0,1,353,0,-1,53,526336,65
2045,77,132,44,1500,1,1,1913,25,91,2,47,100,2,1,FC Wacker Innsbruck,75,46,-1,1,244521,4,5,-1,3,0,2,3,0,16008,1,688,5,191,1,64,63,63,67,2,11,52,61,62,1,0,64,226924,1,1056832,54,243661,1,0,7,41,2,243661,4,2045,0,1056832,2,0,2,0,226924,1,0,5,0,244521,10,0,0,0,52,1008333,64,64,4,41,6,1,141111,244521,2,0,1,353,0,-1,54,266304,65
2055,76,1,255,15000,255,255,1984,1,1,4,36,1,2,255,Sangju Sangmu,1,49,-1,1,207546,4,2,-1,4,0,2,2,0,15042,1,428,4,1474,1,63,64,67,63,2,128,71,61,61,1,1,36,207546,2,1069184,38,200601,1,0,0,33,4,221760,10,2055,0,1069184,2,0,2,0,200601,2,0,3,0,207546,0,0,0,0,73,2800000,66,63,4,63,9,9,233581,207546,4,0,1,353,0,-1,68,548992,64
2056,76,178,102,3630,255,255,2002,1,255,3,35,1,3,255,Daegu FC,204,44,-1,1,207836,4,3,-1,4,0,1,3,0,66422,1,130,4,1474,1,62,65,63,65,2,128,40,64,63,1,1,35,207836,1,1089792,53,225733,0,0,0,47,2,225733,7,2056,0,1082624,2,0,2,0,232338,0,0,6,0,207836,0,0,0,0,39,1600000,49,64,4,39,7,9,221732,207836,4,0,2,353,0,-1,49,542976,66
10019,123,100,40,2300,255,255,1918,40,252,2,41,100,2,255,Feirense,252,46,-1,1,196896,0,2,-1,5,0,1,1,0,6600,0,590,4,518,1,70,70,70,73,2,-8,50,69,69,1,0,62,196896,1,139268,40,196896,1,0,0,49,2,196896,4,10019,0,1073156,1,0,2,0,196896,1,0,4,0,196896,0,0,0,0,53,800000,62,70,4,69,2,0,164857,196896,2,0,1,353,0,-1,70,542724,73
10029,114,66,23,328100,255,255,1899,8,117,4,49,145,4,255,TSG 1899 Hoffenheim,219,66,-1,4,216354,4,6,-1,5,0,2,1,0,30150,1,450,4,36,1,78,77,78,79,2,8,51,76,77,1,0,34,211748,1,66560,34,203106,1,0,0,64,2,216354,8,10029,0,139264,2,0,2,0,192641,1,0,4,0,216354,0,0,0,1,52,28000000,38,78,5,37,5,1,216354,216354,2,0,5,353,0,-1,34,139264,76
10030,116,102,0,12250,1,1,1907,255,175,1,51,255,2,1,SC Paderborn 07,255,45,-1,1,212879,4,1,-1,4,0,2,5,0,15000,1,367,4,159,1,68,68,68,68,2,8,53,68,68,1,0,35,205086,1,139273,41,205086,1,0,0,47,2,205086,3,10030,0,1056777,2,0,2,0,183640,1,0,3,0,205086,0,0,0,0,49,650000,35,67,4,47,6,1,205086,205086,2,0,1,353,0,-1,41,526345,68
10031,123,1,1,5600,255,255,1914,1,1,2,37,1,3,255,Portimonense,1,45,-1,1,238858,0,3,-1,4,0,1,2,0,9544,0,644,4,112516,1,72,71,72,73,2,-9,51,70,70,2,0,63,238858,1,1049624,69,205594,1,0,0,47,4,205594,5,10031,0,1089560,0,0,2,0,238858,1,0,2,0,238858,0,0,0,0,52,950000,63,71,4,47,6,0,238858,238858,2,0,1,353,0,-1,49,528408,73
10032,76,1,1,4250,255,255,1908,252,1,2,46,252,4,255,FC Lugano,252,76,-1,2,231137,4,3,-1,6,0,1,2,0,6390,1,289,6,110770,1,66,66,66,67,2,8,67,64,64,1,0,60,229845,0,167968,70,231137,1,0,3,60,2,237340,3,10032,0,315424,1,0,2,0,229845,2,0,3,0,229845,3,0,0,1,71,1508750,70,66,6,79,9,1,181349,231137,2,0,1,353,0,-1,70,528416,67
15005,70,11,196,8800,74,1,2001,220,48,2,50,15,3,111,Zulte Waregem,53,67,-1,3,229104,4,7,-1,6,0,2,4,0,12250,1,520,3,100081,1,71,68,69,71,2,3,39,67,68,1,0,49,229104,1,83082,23,229104,0,0,2,69,2,229104,1,15005,0,132234,0,0,2,0,148635,0,0,5,0,229104,0,0,0,1,39,3000000,59,70,3,39,6,1,186444,229104,2,0,2,353,0,-1,59,286858,68
15009,77,250,250,5100,1,1,1929,250,1,1,47,250,2,1,SCR Altach,1,66,-1,4,173480,4,4,-1,6,0,2,2,0,8500,1,15,5,191,1,64,65,64,64,2,9,38,65,65,1,0,59,173480,0,164928,53,173480,1,0,0,69,2,173480,2,15009,0,164928,1,0,2,0,152107,0,0,6,0,173480,0,0,0,0,39,1775000,49,65,5,39,7,1,239432,173480,2,0,1,353,0,-1,49,132160,65
15015,45,245,249,3750,1,1,1950,251,1,2,52,235,6,1,Burton Albion,10,49,-1,1,189865,4,7,-1,4,0,2,2,0,6912,2,86,4,91,2,65,67,67,68,2,-1,72,69,67,2,0,37,190722,1,1073478,43,189865,1,0,0,35,2,189865,2,15015,0,1069382,2,0,2,0,140423,2,1,2,0,189865,0,0,0,0,68,800000,67,66,4,65,8,0,190722,189865,2,0,1,353,0,-1,63,528710,69
15019,121,0,187,3200,255,255,1914,1,0,3,41,1,3,255,Nàstic de Tarragona,1,75,-1,2,191059,4,5,-1,5,0,1,2,0,14591,2,475,4,110854,1,68,69,68,71,2,1,39,69,69,2,0,49,191059,1,132160,53,191059,1,0,0,59,2,191059,3,15019,0,263232,1,0,2,0,188128,0,0,6,0,191059,0,0,0,0,39,1772800,59,69,4,39,5,1,188128,191059,2,0,1,353,0,-1,59,1073216,72
15029,125,50,28,34000,35,230,1927,255,138,5,-33,255,2,27,Universidad de Chile,255,76,-1,2,143022,4,10,-1,5,0,1,5,0,48665,1,354,5,110980,1,70,71,70,69,2,-70,50,72,72,1,0,61,24248,1,172212,71,24248,1,0,5,51,4,158851,6,15029,0,319668,2,0,2,0,174542,1,0,3,0,24248,18,0,0,0,49,10177333,37,71,5,51,2,-3,233531,24248,7,0,7,353,0,-1,71,1049780,69
15048,45,255,255,2200,255,75,1884,42,255,2,53,66,2,75,Tranmere Rovers,128,76,-1,2,235014,4,4,-1,3,0,2,3,0,16567,2,687,3,1945,2,61,63,63,63,2,-3,51,63,60,2,0,45,200928,2,132096,45,200928,1,0,0,55,2,200928,3,15048,0,286720,2,0,2,0,208831,1,0,2,0,200928,0,0,0,1,53,600000,33,61,5,59,6,0,193701,235014,2,0,1,353,0,-1,75,1056768,63
100081,70,1,204,4500,255,255,1971,245,1,4,50,1,4,255,Kortrijk,1,44,-1,1,201438,4,5,-1,4,0,2,3,0,9399,1,251,4,15005,1,68,69,68,71,2,3,50,66,68,1,0,42,201438,1,106760,48,192778,0,0,0,34,2,192778,1,100081,0,1057032,0,0,2,0,201438,1,0,2,0,201438,0,0,0,0,51,2000000,42,70,4,54,5,1,192778,201438,2,0,1,353,0,-1,48,542984,71
100325,77,73,2,3900,255,255,1907,2,155,3,60,73,2,255,HJK Helsinki,155,47,-1,1,238203,4,10,-1,4,0,2,3,0,10770,0,586,5,1884,1,58,62,58,64,2,24,73,63,63,1,0,54,238203,0,66564,72,238203,1,0,13,45,2,238203,2,100325,0,1085444,0,0,2,0,205951,2,0,2,0,238203,28,0,1,0,69,600000,64,62,5,75,4,2,242998,238203,2,0,1,353,0,-1,42,526340,64
100409,114,23,205,119345,57,0,1907,255,25,6,48,255,4,97,FC Augsburg,255,45,-1,1,212187,4,3,-1,4,0,2,2,0,30660,1,28,5,169,1,74,74,73,72,2,10,53,76,76,1,0,70,137351,1,1065992,40,212187,1,0,0,49,2,137351,2,100409,0,1073160,0,0,2,0,137351,1,0,2,0,137351,0,0,0,0,53,9500000,70,75,5,69,9,1,199439,212187,2,0,3,353,0,-1,80,526344,71
100628,118,10,250,12000,253,253,1925,5,5,1,52,5,2,253,FC Emmen,5,46,-1,1,186887,4,1,-1,4,0,2,2,0,8301,2,676,4,1915,2,65,65,66,67,2,6,68,64,64,2,0,41,186887,2,270400,43,186887,1,0,0,43,2,186887,2,100628,0,1052736,1,0,2,0,186887,2,0,2,0,186887,0,0,0,0,72,2700000,71,65,4,73,9,1,186887,186887,2,0,1,353,0,-1,43,526400,67
100634,118,255,255,33000,15,15,1903,235,255,3,52,235,6,15,Heracles Almelo,235,66,-1,4,228666,4,5,-1,5,0,1,3,0,13500,2,13,4,1914,2,67,69,69,70,2,6,53,67,66,2,0,66,200700,1,172292,46,228666,1,0,0,66,2,200700,1,100634,0,139524,2,0,2,0,208462,1,0,3,0,228666,2,0,0,0,49,4150000,40,68,4,57,9,1,210386,228666,2,0,1,353,0,-1,46,266500,72
100651,118,228,255,14000,6,255,1903,1,12,1,51,1,6,255,VVV-Venlo,1,44,-1,1,199809,4,3,-1,3,0,2,2,0,8000,2,617,4,634,2,67,67,69,66,2,6,71,66,66,2,0,60,199809,1,1052744,36,199809,1,0,1,37,2,199809,6,100651,0,1069128,0,0,2,0,199407,2,0,2,0,199809,0,0,0,0,73,2950000,70,67,5,67,8,1,199809,199809,2,0,1,353,0,-1,76,526408,66
100765,77,160,57,180000,32,215,1922,255,80,5,55,255,1,25,Lokomotiv Moskva,255,68,-1,4,157960,0,8,-1,6,0,1,6,0,28500,1,330,4,100767,1,78,77,78,78,2,37,51,76,76,1,0,49,157960,0,1049928,39,157960,1,0,7,69,2,157960,4,100765,0,139592,0,0,2,0,147782,1,1,3,0,157960,3,0,0,1,52,15660000,43,77,4,65,6,3,157960,157960,2,0,6,353,0,-1,39,526664,78
100767,119,11,251,300000,255,255,1922,251,11,4,55,11,3,255,Spartak Moskva,11,66,-1,4,202642,0,10,-1,6,0,1,6,0,45000,1,330,6,315,1,76,76,76,76,2,37,49,75,75,1,0,63,202642,1,181296,73,202642,0,0,3,63,4,202642,8,100767,0,188464,0,0,2,0,187366,1,0,3,0,202642,10,0,0,1,51,27600000,31,76,6,55,4,3,180826,202642,2,0,4,353,0,-1,73,575536,76
100804,67,100,45,5300,255,255,1884,51,220,1,56,120,4,255,St. Johnstone,220,47,-1,1,193728,4,5,-1,4,0,2,2,0,10696,0,375,3,180,0,65,65,65,66,2,-3,52,63,63,0,0,39,193728,2,1098784,47,193728,1,0,1,33,2,193728,3,100804,0,1056800,0,0,2,0,198624,1,0,2,0,193728,0,0,0,0,50,950000,39,65,3,33,8,0,208675,193728,2,0,1,353,0,-1,47,528416,67
100805,67,255,255,2050,1,1,1877,250,255,2,55,1,2,1,St. Mirren,1,47,-1,1,243963,4,2,-1,3,0,2,2,0,8023,1,674,3,82,1,63,66,65,65,2,-4,38,65,62,1,0,33,184615,0,1049632,24,243963,0,0,3,39,2,243963,5,100805,0,1049632,2,0,2,0,184615,0,1,2,0,243963,0,0,0,0,40,700000,55,63,3,35,4,0,244321,243963,2,0,1,353,0,-1,55,270368,66
100831,121,217,233,2500,190,30,1971,255,79,2,40,255,3,110,AD Alcorcón,255,47,-1,1,216836,4,6,-1,4,0,2,3,0,5100,2,9,6,480,1,70,70,70,68,2,-3,52,69,69,2,0,64,216836,1,1056768,50,216836,1,0,0,36,2,216836,2,100831,0,1056768,0,0,2,0,194924,1,0,2,0,216836,0,0,0,0,53,1556944,64,69,6,56,4,1,216836,216836,2,0,1,353,0,-1,50,528384,68
100888,121,90,70,10750,255,255,1928,245,190,4,40,245,3,255,CD Leganés,255,25,-1,0,223608,4,4,-1,4,0,2,2,0,11454,2,271,3,1860,1,75,74,75,75,2,-3,68,73,73,2,0,30,223608,0,1049096,41,223608,1,0,0,20,4,223608,2,100888,0,544776,2,0,2,0,210333,2,0,2,0,223608,0,0,0,0,68,4212656,67,75,5,77,3,1,215334,223608,2,0,1,353,0,-1,71,542728,74
101007,119,236,251,7240,99,1,1910,3,11,2,39,3,4,16,MKE Ankaragücü,3,75,-1,2,202882,4,5,-1,7,0,2,6,0,19209,1,18,6,327,1,70,72,70,71,2,32,36,73,72,1,0,68,194979,1,132112,47,223278,1,0,2,58,4,172418,5,101007,0,263184,0,0,2,0,223278,0,0,6,0,200275,1,0,0,0,38,2773789,38,72,6,38,5,2,172418,200275,9,0,5,353,0,-1,38,526352,72
101014,119,102,51,35000,1,255,2014,50,204,2,41,100,1,102,Medipol Başakşehir,200,75,-1,2,80,4,8,-1,3,0,1,5,0,17300,1,231,6,111339,1,76,76,77,79,2,28,49,75,74,1,0,53,80,1,164882,53,80,1,0,0,53,4,80,5,101014,0,270354,0,0,2,0,80,1,0,6,0,80,0,0,0,0,51,6008333,61,75,5,35,6,2,80,80,9,0,4,353,0,-1,53,1069074,82
101020,119,204,255,9000,3,198,1966,255,1,1,38,204,4,2,Kayserispor,1,75,-1,2,215531,4,4,-1,7,0,2,2,0,32864,1,242,6,742,1,72,71,72,72,2,35,73,69,71,1,0,66,215531,1,188424,56,215531,1,0,1,56,2,215531,6,101020,0,282632,0,0,2,0,125995,2,0,4,0,215531,0,0,0,0,69,2475000,72,72,6,67,8,2,215531,215531,9,0,2,353,0,-1,76,1052680,72
101026,119,1,255,7350,1,255,1925,1,1,2,38,1,3,255,Göztepe,1,43,-1,1,208585,4,4,-1,4,0,2,5,0,6041,1,627,5,111340,1,72,73,73,71,2,27,39,73,71,1,0,39,184133,1,132096,53,184133,1,0,2,31,4,193177,4,101026,0,1098752,2,0,2,0,184133,0,1,5,0,184133,0,0,0,0,39,3067706,59,72,5,39,3,2,209473,208585,9,0,1,353,0,-1,69,1056768,71
101033,119,142,38,25000,255,255,1922,31,117,3,37,160,4,255,Atiker Konyaspor,130,75,-1,2,223017,4,6,-1,7,0,2,3,0,41981,1,250,5,111339,1,70,71,71,74,2,32,38,71,71,1,0,64,178600,2,165184,53,223017,0,0,1,54,4,223017,4,101033,0,296256,2,0,2,0,124337,0,0,6,0,223017,0,0,0,1,39,5166667,44,71,5,34,6,2,231095,223017,9,0,3,353,0,-1,44,559424,74
101037,119,173,28,11000,216,82,1953,255,86,2,41,255,2,128,Çaykur Rizespor,255,25,-1,0,199601,4,3,-1,2,0,1,2,0,15558,1,406,5,436,1,71,71,72,71,2,40,71,67,67,1,0,24,199601,1,1106258,46,199601,0,0,0,29,2,178077,2,101037,0,526674,2,0,2,0,183769,3,0,2,0,199601,0,0,0,0,67,2541000,76,70,5,56,10,2,244628,199601,9,0,2,353,0,-1,46,543058,71
101041,119,0,255,11000,255,255,1967,225,0,1,39,26,3,255,Sivasspor,39,47,-1,1,122849,4,4,-1,4,0,2,3,0,27532,1,453,6,436,1,69,70,69,72,2,37,49,70,71,1,0,56,241166,1,270600,48,239045,1,0,0,33,4,122849,4,101041,0,1073416,0,0,2,0,202356,1,0,2,0,122849,0,0,0,0,51,2750000,56,71,6,53,8,2,122849,122849,9,0,1,353,0,-1,78,526600,74
101047,6,255,255,150000,150,0,1927,255,255,2,50,255,2,60,Dynamo Kyiv,255,76,-1,2,244369,0,10,-1,4,0,2,7,0,70050,1,698,4,101059,1,76,75,76,74,2,30,53,75,75,1,0,41,244369,0,132240,71,244369,1,0,11,51,2,244369,8,101047,0,319632,1,0,2,0,220948,1,0,5,0,244369,15,0,0,1,49,15750000,45,75,4,67,5,3,244369,244369,2,0,6,353,0,-1,71,1052816,74
101059,119,80,240,300000,1,1,1936,255,0,5,48,90,4,1,Shakhtar Donetsk,44,68,-1,4,200206,0,10,-1,6,0,1,8,0,52667,1,140,3,101047,1,78,76,78,74,2,37,51,75,75,1,0,67,195861,1,132242,77,187754,1,0,12,67,4,200206,4,101059,1,172178,0,0,2,0,188803,1,1,6,0,200206,11,0,0,1,50,18600000,43,76,3,55,8,2,187754,200206,2,0,8,353,0,-1,57,526482,74
101083,36,22,252,24000,255,255,1905,252,28,2,-34,22,3,255,Estudiantes de La Plata,28,67,-1,4,143112,4,8,-1,6,0,1,6,0,53000,2,259,4,101084,1,69,70,69,69,2,-57,52,69,69,1,1,32,229595,1,139269,32,229595,1,0,0,62,2,229595,7,101083,0,139269,2,0,2,0,173857,1,0,3,0,229595,6,0,0,0,50,5000000,44,70,4,45,5,-3,229595,229595,7,0,6,353,0,-1,32,532485,69
101084,36,255,255,10000,98,18,1887,255,255,2,-34,255,3,21,Gimnasia y Esgrima La Plata,255,59,-1,4,215076,4,5,-1,5,0,2,4,0,21500,2,259,6,101083,1,72,68,72,66,2,-57,73,67,67,1,1,44,214771,1,102404,44,214771,1,0,0,74,4,215076,6,101084,0,69636,1,0,2,0,192371,2,0,5,0,214771,1,0,0,0,71,3200000,80,68,6,67,6,-3,139799,214771,7,0,2,353,0,-1,44,1052676,67
101085,36,200,55,47500,255,255,1903,1,255,4,-34,55,2,255,Racing Club de Avellaneda,100,76,-1,2,212214,4,9,-1,7,0,1,7,0,50000,2,30,5,110093,1,75,74,75,77,2,-58,49,74,73,1,1,63,157217,0,312356,73,157217,1,0,0,53,2,157217,7,101085,0,319524,1,0,2,0,142707,1,1,2,0,212214,17,0,0,0,51,9500000,31,74,3,63,4,-3,142707,212214,7,0,8,353,0,-1,73,581668,77
101088,36,63,31,33800,255,255,1910,31,116,2,-34,63,3,255,Vélez Sarsfield,116,47,-1,1,232255,4,5,-1,4,0,1,5,0,49540,2,82,6,111715,1,70,70,71,68,2,-58,49,68,67,1,1,56,228819,1,1065984,46,228819,1,0,0,41,2,232255,9,101088,0,1073152,2,0,2,0,215192,1,1,2,0,228819,10,0,0,0,49,5300000,56,69,6,61,6,-3,235008,232255,7,0,5,353,0,-1,76,1056768,68
101097,125,119,30,18000,0,236,1910,255,50,2,-33,255,3,0,Audax Italiano,255,60,-1,4,220201,4,7,-1,5,0,2,3,0,12000,0,258,4,111328,1,66,67,66,68,2,-70,39,66,66,1,0,49,213604,1,188800,23,220201,1,0,0,79,2,220201,7,101097,0,83328,1,0,2,0,220201,0,0,6,0,220201,4,0,0,1,39,3816000,39,67,4,39,7,-3,225270,220201,7,0,2,353,0,-1,79,543104,68
101099,74,26,210,5500,255,255,1927,210,30,3,3,26,2,255,América de Cali,30,48,-1,1,176605,4,6,-1,4,0,2,7,0,36000,2,91,4,101102,1,68,68,68,69,2,-76,69,67,68,1,1,42,176605,2,1065992,70,214392,0,0,0,49,4,221480,6,101099,0,1085448,2,0,2,0,214608,2,1,3,0,176605,13,0,0,0,67,2200000,72,68,4,79,3,-5,212618,176605,7,0,5,353,0,-1,40,542728,69
101100,74,127,13,56500,255,255,1947,13,64,3,6,127,3,255,Atlético Nacional,64,46,-1,1,198426,4,10,-1,4,0,1,8,0,44739,2,310,3,101103,1,71,72,71,76,2,-75,37,72,72,1,1,32,214327,1,1082404,44,231571,0,0,3,46,6,214327,7,101100,0,1049636,1,0,2,0,214583,0,0,5,0,231571,16,0,0,0,40,9000000,40,72,3,40,4,-5,187075,231571,7,0,9,353,0,-1,40,526372,76
101101,74,30,224,19500,255,255,1924,255,34,4,10,255,1,255,Junior de Barranquilla,255,59,-1,4,225182,4,8,-1,5,0,1,6,0,46692,2,40,3,112903,1,71,71,71,73,2,-74,40,68,67,1,1,31,225182,1,66848,20,225182,0,0,2,71,2,225182,4,101101,0,66848,2,0,2,0,161663,0,1,6,0,225182,7,0,0,0,36,5000000,41,71,3,31,5,-5,196150,225182,7,0,7,353,0,-1,41,1052960,72
101102,74,145,1,80000,255,255,1912,1,61,2,3,145,2,255,Deportivo Cali,61,47,-1,1,229699,4,8,-1,4,0,2,6,0,42000,2,91,4,101099,1,72,71,72,73,2,-76,36,70,69,1,1,51,229699,1,148512,52,229699,0,0,1,35,2,229699,10,101102,0,1082400,0,0,2,0,159591,0,0,5,0,229699,9,0,0,0,38,7000000,53,71,4,33,9,-5,152912,229699,7,0,7,353,0,-1,53,155680,73
101103,74,6,226,20000,171,46,1913,226,18,4,6,6,6,96,Independiente Medellín,7,45,-1,1,196145,4,9,-1,4,0,1,5,0,44739,2,310,4,101100,1,67,67,66,70,2,-75,38,66,67,1,1,68,196145,1,1049600,36,196145,0,0,1,45,5,196145,6,101103,0,1049600,0,0,2,0,183315,0,0,2,0,196145,6,0,0,0,37,5100000,42,67,4,32,5,-5,214206,196145,7,0,6,353,0,-1,42,532480,70
101104,74,30,228,20500,255,255,1941,228,38,3,4,30,1,255,Independiente Santa Fe,38,28,-1,0,168730,4,9,-1,2,0,2,6,0,36343,2,59,3,101105,1,69,70,69,71,2,-74,73,68,69,1,1,27,168730,1,1069061,64,168730,1,0,2,28,4,168730,4,101104,0,577541,0,0,2,0,214190,2,0,2,0,168730,8,0,0,0,69,7200000,68,70,3,67,2,-5,214463,168730,7,0,8,353,0,-1,64,151557,71
101105,74,68,39,22500,255,255,1946,1,144,3,4,1,2,255,Millonarios,1,46,-1,1,203872,4,8,-1,4,0,2,6,0,36343,2,59,4,101104,1,70,70,70,72,2,-74,71,68,67,1,1,36,203872,1,266369,36,176545,1,0,0,41,4,176545,5,101105,0,1052801,2,0,2,0,209738,2,0,3,0,203872,14,0,0,0,73,7000000,66,70,4,71,3,-5,214209,203872,7,0,8,353,0,-1,76,526465,72
101106,74,255,255,9000,1,1,1961,255,255,2,5,255,4,1,Once Caldas,255,74,-1,2,214358,4,7,-1,2,0,1,3,0,36553,2,302,3,111723,1,66,68,66,66,2,-75,53,68,68,1,1,65,202399,2,118952,75,214358,1,0,0,55,9,214358,6,101106,0,319656,2,0,2,0,214110,1,0,2,0,214358,4,0,0,0,53,3300000,65,67,3,59,4,-5,232214,214358,7,0,5,353,0,-1,75,1065640,69
101112,66,255,255,150000,88,0,1974,150,255,10,49,200,10,34,Vancouver Whitecaps,255,27,-1,0,207465,4,5,-1,2,0,1,4,0,22120,1,508,3,111144,1,70,69,70,70,2,-123,71,67,68,1,0,24,207465,0,526340,68,207465,1,0,0,22,2,207465,4,101112,0,559108,1,0,2,0,216811,3,1,2,0,207465,0,0,0,0,67,5000000,68,69,6,48,5,-8,176048,207465,2,0,2,353,0,-1,58,526340,71
101114,142,62,217,40000,1,1,1916,217,55,1,20,62,2,1,Atlas,55,75,-1,2,223685,4,5,-1,4,0,1,6,0,54500,1,198,4,1880,2,71,69,69,73,2,-103,39,66,67,1,0,69,210374,1,168020,53,210374,1,0,4,59,4,210374,7,101114,0,312404,2,0,2,0,210374,0,0,4,0,223685,1,0,0,0,39,6533333,59,70,4,39,6,-6,223685,223685,7,0,3,353,0,-1,79,542804,72
101121,142,0,225,28000,255,255,1923,225,25,9,21,0,5,255,Necaxa,25,75,-1,2,209758,4,2,-1,7,0,2,2,0,23851,1,595,6,1879,2,68,70,69,70,2,-102,69,67,67,1,0,54,227227,2,132356,44,227227,0,0,4,54,4,227227,6,101121,0,266500,0,0,2,0,209758,2,0,4,0,174549,3,0,0,0,73,5338667,68,69,6,67,6,-6,171377,209758,7,0,2,353,0,-1,64,270596,72
101144,139,204,153,12200,1,1,1992,255,255,2,34,255,2,1,Júbilo Iwata,255,46,-1,1,29552,4,6,-1,4,0,2,5,0,15165,1,545,5,101147,1,65,66,66,66,2,137,66,66,65,1,0,39,29552,1,1056832,77,29552,1,0,2,43,4,29552,6,101144,0,1085504,0,0,2,0,232685,2,0,2,0,29552,4,0,0,1,66,3000000,69,65,5,73,7,9,29552,29552,4,0,3,353,0,-1,37,1056832,66
101145,139,255,255,17400,1,1,1992,255,1,1,35,255,2,1,Kashiwa Reysol,1,59,-1,4,207722,4,7,-1,5,0,2,4,0,15109,2,547,4,101147,1,70,68,70,70,2,139,40,64,65,2,0,66,199183,0,66600,35,199183,0,0,3,76,4,207722,5,101145,0,82984,2,0,2,0,232907,0,0,7,0,207722,2,0,1,0,36,5100000,56,68,6,36,4,9,207722,207722,4,0,6,353,0,-1,76,132136,70
101146,139,1,153,31400,1,1,1991,255,1,2,34,255,2,1,Vissel Kobe,255,67,-1,4,150516,4,4,-1,6,0,1,4,0,28483,0,557,5,112093,1,69,67,69,69,2,135,69,64,64,1,0,38,150516,1,167936,68,232467,1,0,0,68,2,232467,4,101146,0,167936,2,0,2,0,150516,2,1,3,0,150516,0,0,0,0,73,6700000,76,67,5,75,4,9,150516,41,4,0,2,353,0,-1,38,532480,69
101147,139,1,204,18000,106,46,1991,255,1,3,35,255,3,51,Kashima Antlers,255,68,-1,4,191556,4,9,-1,5,0,2,5,0,38014,1,546,4,101144,1,67,69,67,70,2,140,51,69,69,1,0,57,181371,1,73732,57,191556,1,0,4,67,4,181371,4,101147,0,139268,2,0,2,0,232869,1,0,2,0,181371,8,0,0,0,50,5400000,53,69,3,35,4,9,232884,181371,4,0,4,353,0,-1,57,1056772,72
101148,139,1,245,21000,245,245,1993,98,132,2,34,1,2,245,Cerezo Osaka,231,43,-1,1,210126,4,7,-1,4,0,2,5,0,47816,1,544,5,112093,1,67,69,68,69,2,135,51,69,68,2,0,53,210126,0,83072,39,210126,1,0,4,47,4,210126,4,101148,0,1073280,0,0,2,0,222987,1,0,2,0,210126,4,0,0,1,52,4500000,53,68,5,67,6,9,210126,210126,4,1,5,353,0,-1,79,548992,69
101149,139,155,255,12000,245,66,1992,245,24,2,34,245,1,111,Shimizu S-Pulse,245,74,-1,2,237766,4,3,-1,6,0,1,2,0,20339,1,632,6,101144,1,64,67,67,70,2,138,49,64,63,2,0,48,237766,1,90184,58,237758,0,0,1,58,2,237758,9,101149,0,286792,0,0,2,0,237764,1,0,2,0,237766,0,0,0,0,51,2712000,66,66,6,53,9,9,242384,237766,4,0,1,353,0,-1,78,542792,71
101150,139,1,1,16000,1,204,1988,255,204,5,35,255,5,1,F.C. Tokyo,255,74,-1,2,227443,4,7,-1,4,0,1,5,0,49000,1,543,3,111730,2,66,67,66,70,2,139,67,67,67,2,0,60,232849,0,139552,40,232849,1,0,1,60,2,232860,6,101150,0,266528,0,0,2,0,227443,2,0,2,0,227443,0,0,0,1,71,6300000,70,67,4,79,3,9,205081,227443,4,0,5,353,0,-1,40,526624,70
101151,139,1,1,15200,255,255,1992,204,153,2,35,1,1,255,Yokohama F·Marinos,1,47,-1,1,232577,4,6,-1,4,0,2,6,0,72081,1,558,4,111730,1,65,66,65,63,2,139,37,65,65,1,1,47,232811,2,1049600,24,232811,1,0,7,31,4,232811,2,101151,0,1049600,0,0,2,0,156480,0,0,5,0,232811,5,0,0,0,40,3400000,45,66,4,35,7,9,204946,232577,4,0,4,353,0,-1,45,1049600,64
105035,119,87,248,0,255,255,1889,244,23,8,52,124,2,255,Holland,34,46,-1,3,246084,4,10,-1,5,0,2,0,0,54846,1,0,6,1337,1,80,80,80,83,2,4,51,80,80,1,0,63,246084,2,155648,48,238434,1,0,0,42,2,238441,0,105035,0,1056768,0,0,2,0,203376,0,0,5,0,246084,0,0,0,1,51,0,63,80,5,42,0,1,192181,202556,2,0,8,353,0,-1,48,526336,83
110062,121,0,201,9800,255,255,1930,180,0,4,41,0,3,255,Girona FC,0,49,-1,2,228203,4,4,-1,5,0,2,3,0,9200,2,185,5,15019,1,79,77,80,78,3,2,50,76,75,2,0,32,228203,1,263296,36,246013,1,0,0,41,4,242935,3,110062,0,1056896,0,0,2,0,241381,0,0,5,0,228203,0,0,0,0,49,3910200,32,76,5,41,3,1,241381,223682,2,0,1,353,0,-1,36,528512,79
110066,121,255,255,2500,222,1,1976,222,255,1,40,1,1,1,Rayo Majadahonda,1,27,-1,0,211234,4,1,-1,4,0,2,1,0,3376,2,692,4,100831,1,68,66,67,65,2,-3,73,65,68,2,0,36,211234,1,1057088,38,211234,1,0,0,27,2,211234,4,110066,0,545088,1,0,2,0,243554,2,0,2,0,211234,0,0,0,0,69,1291667,76,67,4,75,7,1,211234,211234,2,0,1,353,0,-1,68,543040,62
110081,77,132,37,0,255,255,1880,24,50,1,54,150,6,255,Northern Ireland,55,46,-1,1,151508,4,10,-1,4,0,2,0,0,18000,0,0,6,1355,1,71,71,71,71,2,-5,49,72,72,0,0,61,186143,1,1056840,43,151508,1,0,0,43,2,186143,0,110081,0,1056840,0,0,2,0,151508,1,0,2,0,186143,0,0,0,0,51,0,61,71,6,43,0,0,151508,151508,2,0,2,353,0,-1,43,526408,71
110093,36,1,206,81000,26,206,1904,255,26,4,-34,255,2,1,Independiente,255,75,-1,2,216700,4,9,-1,5,0,2,7,0,50365,2,30,5,101085,1,75,75,75,74,2,-58,68,75,74,1,1,41,216700,1,184628,71,216700,0,0,0,51,2,216700,6,110093,0,315700,0,0,2,0,225647,2,0,4,0,216700,16,0,0,1,68,10000000,67,75,6,77,4,-3,200875,216700,7,0,8,353,0,-1,71,577844,75
110144,142,128,0,106000,255,255,1982,0,102,2,25,128,1,255,Santos Laguna,102,67,-1,4,230967,4,5,-1,4,0,2,4,0,29327,1,487,6,1032,2,72,72,72,72,2,-103,68,72,70,1,0,61,190536,2,135312,41,190536,1,0,1,61,4,190536,4,110144,0,151696,1,0,2,0,217168,2,0,2,0,190536,6,0,1,0,72,11469200,71,71,6,61,6,-6,215064,190536,7,0,8,353,0,-1,71,1056912,73
110145,142,3,255,15000,128,28,1943,255,23,2,19,3,3,44,Tiburones Rojos de Veracruz,23,29,-1,0,179808,4,2,-1,4,0,2,2,0,28703,1,509,3,110152,2,68,67,68,65,2,-96,37,66,67,1,0,28,236956,1,1057109,24,207641,0,0,2,22,4,236956,4,110145,0,542037,0,0,2,0,215380,0,0,3,0,236956,2,0,0,0,40,2850000,60,68,3,40,9,-6,207641,236956,7,0,1,353,0,-1,70,526677,67
110147,142,50,36,123000,255,255,1901,36,113,3,20,50,2,255,Pachuca,113,49,-1,1,229034,4,7,-1,4,0,2,5,0,27512,1,365,6,1880,2,71,72,72,73,2,-98,40,70,69,1,0,55,224103,0,135426,40,224103,1,0,0,47,4,224103,7,110147,0,1049858,0,0,2,0,229034,0,0,5,0,224103,6,0,0,0,36,14243400,31,71,6,31,5,-6,198347,224103,7,0,8,353,0,-1,31,532738,75
110150,142,95,0,40000,1,1,1950,0,169,2,20,95,2,1,Gallos Blancos de Querétaro,169,28,-1,0,190629,4,3,-1,2,0,2,5,0,34045,1,432,3,110781,2,67,69,64,72,2,-100,70,67,67,1,0,30,190629,1,279824,44,212104,0,0,1,20,2,187701,4,110150,0,542992,0,0,2,0,209307,3,0,2,0,190629,0,0,0,0,72,4933333,64,70,3,44,8,-6,200446,190629,7,0,4,353,0,-1,64,545040,71
110152,142,255,255,29000,241,54,1944,255,255,2,19,255,3,121,Puebla,255,29,-1,0,186513,4,4,-1,4,0,2,4,0,50754,1,390,3,110145,2,68,69,69,67,2,-98,40,69,66,1,0,24,211338,2,132353,34,184035,1,0,5,24,4,184035,2,110152,0,525569,0,0,2,0,213095,0,0,4,0,177877,2,0,0,0,40,3886000,45,68,3,35,9,-6,213095,186513,7,0,2,353,0,-1,45,528641,70
110169,76,31,237,3800,255,255,1948,239,41,3,50,50,4,255,Fortuna Köln,60,29,-1,0,203164,4,4,-1,3,0,2,1,0,11748,1,249,2,31,1,65,65,66,66,2,6,51,64,64,1,0,38,203164,2,1073226,35,203164,1,0,0,24,2,203164,6,110169,0,532554,2,0,2,0,204727,1,1,2,0,203164,0,0,0,0,53,500000,33,64,4,59,8,1,192728,203164,2,0,1,353,0,-1,35,526410,66
110178,116,1,1,11205,255,255,1916,245,1,2,49,248,2,255,SV Sandhausen,240,47,-1,1,193276,4,2,-1,3,0,2,1,0,15414,1,426,3,1832,1,67,70,66,69,2,8,68,71,70,1,0,41,193276,1,151624,51,193276,1,0,0,31,4,223633,1,110178,0,1052744,2,0,2,0,210303,2,1,2,0,223633,0,0,0,0,72,1500000,71,69,3,61,10,1,244706,223633,2,0,1,353,0,-1,51,542792,69
110197,76,10,235,7510,255,255,1907,255,25,3,49,1,3,255,Würzburger Kickers,1,49,-1,1,211831,4,6,-1,4,0,2,3,0,13090,1,569,6,171,1,64,66,65,64,2,9,39,67,66,1,0,39,211831,1,73808,33,211831,0,0,0,31,2,211831,3,110197,0,1049680,2,0,2,0,170592,0,0,3,0,211831,0,0,0,0,39,725000,49,65,6,39,4,1,209965,211831,2,0,1,353,0,-1,49,266320,65
110313,45,18,199,2200,255,255,1968,240,36,2,53,18,2,255,Accrington Stanley,36,43,-1,1,191108,4,1,-1,4,0,2,1,0,5057,0,4,3,357,2,63,64,64,62,2,-2,71,63,63,0,0,52,191108,1,1073160,56,191108,1,0,0,37,2,191108,9,110313,0,1069064,2,0,2,0,187782,2,1,2,0,191108,0,0,0,0,67,500000,62,63,4,67,10,0,193939,191108,2,0,1,353,0,-1,66,1069064,62
110316,137,15,220,8000,200,30,1910,220,21,2,41,1,1,30,Gazélec Ajaccio,1,68,-1,4,208865,4,4,-1,5,0,1,1,0,8000,0,6,3,614,1,67,64,68,62,2,8,40,61,63,0,0,59,208865,0,66816,33,208865,1,0,0,69,2,208865,2,110316,0,132352,2,0,2,0,135218,0,0,5,0,208865,0,0,0,0,39,2192000,39,64,3,39,9,1,208865,208865,2,0,1,353,0,-1,39,270592,62
110329,116,71,96,31200,255,255,1910,226,52,2,53,1,2,255,FC St. Pauli,26,74,-1,2,202106,4,6,-1,7,0,1,7,0,29546,1,205,5,28,1,71,70,71,69,2,9,69,68,68,1,0,64,192321,2,167968,74,199861,0,0,0,54,2,201877,4,110329,0,299040,2,0,2,0,188586,2,0,2,0,202106,0,0,0,0,67,2900000,64,70,5,71,7,1,168950,202106,2,0,1,353,0,-1,34,526368,69
110373,6,29,131,18000,255,255,1919,131,28,2,40,29,3,255,Salernitana,28,46,-1,1,178470,4,5,-1,4,0,2,5,0,31300,1,416,6,112026,1,69,70,70,69,2,14,70,69,67,1,0,59,178470,1,1089536,49,178470,1,0,0,31,5,178470,3,110373,0,1069056,0,0,2,0,168403,2,0,5,0,178470,0,0,0,0,70,6876000,69,69,6,61,2,1,178470,178470,2,0,1,353,0,-1,69,542720,69
110374,122,8,57,202000,255,255,1926,74,142,2,43,11,3,255,Fiorentina,181,66,-1,4,201519,4,7,-1,4,0,2,6,0,46366,1,162,3,45,1,76,75,76,76,2,11,50,73,74,1,0,31,201519,0,132112,31,201519,1,0,6,61,4,201519,6,110374,0,139280,0,0,2,0,235805,1,0,7,0,201519,2,0,0,1,49,19500000,47,76,3,31,4,1,201519,201519,2,0,6,353,0,-1,31,266256,77
110395,36,40,117,32500,52,117,1915,255,52,4,-34,255,2,40,Lanús,255,67,-1,4,214772,4,8,-1,6,0,2,6,0,47027,2,262,4,110404,1,69,70,69,72,2,-58,68,71,71,1,1,33,214772,0,184488,63,214772,1,0,0,63,4,214772,8,110395,0,184488,2,0,2,0,188268,2,0,5,0,214772,2,0,0,0,68,7500000,71,71,4,65,3,-3,185199,214772,7,0,7,353,0,-1,63,184488,71
110396,36,1,1,14000,21,225,1903,2,1,4,-32,2,5,11,Newell's Old Boys,2,68,-1,4,153062,4,7,-1,4,0,1,6,0,42000,2,409,3,110580,1,68,69,67,69,2,-60,38,69,68,1,1,52,192369,1,66584,51,153062,1,0,0,62,2,226659,8,110396,0,164888,2,0,2,0,192369,0,0,5,0,153062,6,0,0,0,37,4000000,42,69,3,32,4,-3,205425,153062,7,0,6,353,0,-1,42,1052696,69
110404,36,153,1,15300,255,255,1896,1,51,3,-34,153,2,255,Banfield,51,76,-1,2,142966,4,5,-1,3,0,1,3,0,34901,2,35,5,110395,1,71,69,71,71,2,-58,72,67,68,1,1,49,142966,1,151816,39,142966,1,0,0,59,4,142966,8,110404,0,282888,0,0,2,0,152997,2,0,2,0,142966,1,0,0,0,68,4100000,75,70,3,77,5,-3,152997,142966,7,0,4,353,0,-1,79,542984,70
110406,36,1,1,22500,31,228,1905,1,1,3,-31,1,4,21,Colón,1,58,-1,4,213582,4,6,-1,5,0,2,5,0,40000,0,431,3,111716,1,71,71,71,72,2,-60,38,70,70,1,1,40,213582,0,99636,54,213582,1,0,0,80,2,213582,5,110406,0,99636,1,0,2,0,223593,0,0,6,0,213582,0,0,0,0,40,4000000,40,71,3,40,7,-3,213582,213582,7,0,5,353,0,-1,40,1089844,71
110456,137,7,241,10000,255,255,1913,240,9,1,50,1,4,255,Valenciennes FC,1,74,-1,2,116762,4,3,-1,5,0,2,2,0,24926,1,505,3,65,1,68,66,67,68,2,3,50,65,66,0,0,48,116762,0,263168,58,116762,0,0,0,58,2,116762,5,110456,0,286720,1,0,2,0,116762,1,0,4,0,116762,0,0,0,0,51,3300000,42,67,5,65,6,1,116762,116762,2,0,1,353,0,-1,78,1052672,67
110468,148,30,223,30000,168,59,1911,223,35,1,49,30,2,94,Viktoria Plzeň,35,74,-1,2,205365,0,7,-1,4,0,2,5,0,11700,1,699,4,267,1,71,72,71,75,2,13,51,72,72,1,0,34,205365,2,132096,34,205365,0,0,1,54,2,205365,5,110468,0,270336,0,0,2,0,138460,1,0,4,0,205365,5,0,0,0,52,6600000,38,72,4,41,5,2,205478,205365,2,0,3,353,0,-1,34,1052672,75
110482,76,10,226,4490,250,250,1966,10,26,2,51,10,5,250,Hallescher FC,10,25,-1,0,224395,4,5,-1,4,0,2,3,0,15057,1,619,4,110588,1,64,63,64,64,2,11,40,63,63,1,0,40,224395,1,148480,50,224395,0,0,0,23,2,224395,4,110482,0,574464,2,0,2,0,203450,0,0,3,0,224395,0,0,0,0,36,540000,41,64,5,31,7,1,224395,224395,2,0,1,353,0,-1,61,526336,64
110500,76,213,239,12250,167,40,1895,245,34,2,52,234,1,93,Eintracht Braunschweig,23,66,-1,3,229175,4,10,-1,4,0,2,6,0,23325,1,68,6,485,1,64,65,64,67,2,10,70,65,64,1,0,43,205939,1,165206,73,205939,0,0,0,63,2,205939,6,110500,0,184662,2,0,2,0,177404,2,0,4,0,205939,1,0,0,0,70,900000,77,65,6,65,6,1,206606,205939,2,0,1,353,0,-1,73,543062,67
110502,116,78,1,19110,255,255,1898,25,158,4,49,150,3,255,SV Darmstadt 98,255,28,-1,0,199413,4,6,-1,2,0,1,5,0,17400,1,132,2,1824,1,70,70,70,69,2,8,67,69,70,1,0,38,199413,1,266304,44,199413,1,0,0,26,2,199413,2,110502,0,544832,2,0,2,0,223142,2,0,3,0,199413,0,0,0,0,69,3300000,70,70,5,67,6,1,199413,199413,2,0,1,353,0,-1,64,526400,70
110556,122,2,197,101000,78,20,1893,255,7,4,44,255,2,33,Genoa,255,46,-1,1,202944,4,4,-1,4,0,2,4,0,36599,1,180,4,1837,1,75,75,75,73,2,8,51,75,75,1,0,68,202944,0,279557,34,137506,1,0,1,37,2,137506,5,110556,0,1073157,0,0,2,0,173208,1,0,2,0,202944,9,0,0,0,52,8569850,68,74,5,57,9,1,137506,202944,2,0,2,353,0,-1,74,542725,74
110569,135,1,210,32000,255,255,1998,239,39,1,47,18,2,255,Dijon FCO,9,48,-1,1,153296,4,2,-1,4,0,2,2,0,15176,1,136,5,57,1,72,72,72,75,2,5,71,69,72,0,0,44,153296,0,1049672,52,153296,0,0,0,33,2,153296,4,110569,0,1052744,0,0,2,0,210722,2,0,3,0,153296,0,0,0,0,73,4085333,74,73,5,63,9,1,210722,153296,2,0,1,353,0,-1,52,526408,75
110580,36,41,2,30000,1,249,1889,2,118,5,-32,41,5,200,Rosario Central,118,48,-1,1,216020,4,7,-1,4,0,1,5,0,41465,2,409,6,110396,1,72,70,71,71,2,-60,40,71,71,1,1,65,216020,1,1066116,53,216020,1,0,0,47,4,216020,8,110580,0,1066116,1,0,2,0,165560,0,0,6,0,216020,4,0,0,0,39,6000000,39,71,6,39,5,-3,165560,216020,7,0,4,353,0,-1,79,1052804,71
110581,36,52,55,7000,58,238,1914,238,53,1,-31,53,5,53,Patronato,58,66,-1,4,178565,4,3,-1,4,0,1,2,0,23500,2,372,5,111716,1,69,68,69,65,2,-60,49,67,68,1,1,48,178565,1,1105928,78,213132,1,0,0,68,4,232514,3,110581,0,188424,2,0,2,0,232543,1,0,2,0,178565,0,0,0,1,51,1700000,36,68,3,53,4,-3,215183,178565,7,0,1,353,0,-1,78,542728,65
110588,116,105,1,12515,255,255,1965,14,176,1,52,100,2,255,1. FC Magdeburg,220,74,-1,1,238802,4,3,-1,3,0,2,6,0,25500,1,612,5,110482,1,68,68,68,68,2,11,72,69,68,1,0,33,238636,1,151552,43,238802,1,0,0,53,2,238802,4,110588,0,1056768,2,0,2,0,238970,1,0,5,0,238802,0,0,0,1,68,800000,67,68,7,65,6,1,238802,238802,2,0,1,353,0,-1,43,541696,68
110591,76,103,0,2230,0,248,1903,255,207,2,50,255,1,236,FC Carl Zeiss Jena,255,49,-1,1,211850,4,2,-1,3,0,2,3,0,12990,1,610,2,110592,1,64,63,64,65,2,11,49,62,63,1,0,51,238951,1,139272,73,211850,0,0,0,43,2,238951,8,110591,0,1089544,2,0,2,0,238951,1,0,2,0,211850,0,0,0,0,51,500000,51,64,2,63,9,1,211850,211850,2,0,1,353,0,-1,33,526344,64
110592,76,30,222,3590,255,255,1990,208,30,2,50,17,1,255,FSV Zwickau,20,46,-1,1,193111,4,3,-1,4,0,2,3,0,10134,1,605,3,110482,1,65,65,65,62,2,12,66,66,65,1,0,63,193111,1,303176,45,193111,1,0,0,39,2,193111,2,110592,0,1069128,1,0,2,0,177099,2,0,3,0,193111,0,0,0,0,66,500000,73,64,4,69,8,1,177099,193111,2,0,1,353,0,-1,65,544840,64
110597,76,68,1,2877,255,255,1912,1,148,2,53,1,2,255,SV Meppen,1,48,-1,1,200256,4,2,-1,4,0,2,4,0,13815,1,611,3,487,1,65,64,65,62,2,7,69,62,63,1,0,50,200256,1,1073168,36,200256,1,0,0,37,2,238599,3,110597,0,1069072,2,0,2,0,238929,2,0,3,0,200256,0,0,0,0,67,520000,80,64,4,67,8,1,200256,200256,2,0,1,353,0,-1,66,544784,62
110636,114,6,227,40300,255,255,1895,210,19,4,51,59,3,255,Fortuna Düsseldorf,0,29,-1,0,210723,4,1,-1,2,0,2,5,0,54600,1,147,3,31,1,72,73,73,73,2,6,51,72,72,1,0,32,210723,1,155652,60,210723,1,0,2,24,2,210723,3,110636,0,548868,2,0,2,0,121937,1,0,2,0,210723,1,0,0,0,53,7500000,48,72,4,69,4,1,179516,210723,2,0,1,353,0,-1,80,544772,74
110700,76,74,47,4160,255,255,1929,77,138,2,52,117,2,255,Sportfreunde Lotte,207,43,-1,1,197148,4,2,-1,3,0,2,1,0,10059,1,604,5,487,1,64,64,64,65,2,7,73,65,64,1,0,46,197148,1,1085441,66,197148,1,0,0,41,2,197148,1,110700,0,1085441,1,0,2,0,197148,2,0,2,0,197148,0,0,0,0,71,550000,76,64,5,71,8,1,209961,197148,2,0,1,353,0,-1,46,544769,65
110734,6,2,2,34000,0,248,1923,3,76,2,39,3,6,0,Crotone,135,25,-1,0,219594,4,8,-1,2,0,2,3,0,16640,1,127,2,112026,1,70,69,70,70,2,17,68,67,67,1,0,35,219594,1,1089560,56,219594,0,0,0,26,2,219594,4,110734,0,542744,2,0,2,0,149258,3,0,2,0,219594,0,0,0,0,72,5258667,66,69,2,46,7,1,188335,219594,2,0,1,353,0,-1,66,542744,70
110741,6,255,255,21000,1,1,1906,255,255,2,44,255,3,1,Spezia,255,76,-1,2,234893,4,6,-1,4,0,2,1,0,10336,1,260,5,110556,1,67,67,67,66,2,9,49,67,68,1,0,68,229276,1,66560,48,229276,1,0,0,58,4,229276,8,110741,0,286720,2,0,2,0,102064,1,1,2,0,234893,0,0,0,0,51,5502000,46,67,5,53,5,1,235164,234893,2,0,1,353,0,-1,78,1052672,65
110745,76,9,240,13000,30,251,1920,224,3,4,53,39,3,222,Jagiellonia Białystok,45,67,-1,4,193632,4,8,-1,4,0,2,4,0,22386,1,50,4,1871,1,68,68,69,68,2,23,37,69,68,1,0,50,224336,0,165018,54,193632,0,0,1,70,2,193632,5,110745,0,148634,2,0,2,0,224336,0,0,5,0,193632,0,0,0,0,40,3744000,50,68,4,40,6,2,193632,193632,2,0,4,353,0,-1,80,1073306,70
110746,76,0,0,7000,0,128,1948,255,116,3,53,190,6,0,Pogoń Szczecin,20,67,-1,4,179569,4,6,-1,5,0,2,3,0,18027,1,473,3,873,1,67,67,68,65,2,14,52,65,65,1,0,62,205701,1,115760,32,212014,1,0,0,62,2,212014,5,110746,0,155696,2,0,2,0,209453,1,0,2,0,179569,0,0,0,0,50,2100000,34,67,3,53,9,2,209453,179569,2,0,2,353,0,-1,72,542768,65
110747,76,31,236,17000,255,255,1906,199,36,3,50,32,4,255,Cracovia Kraków,39,44,-1,1,202589,4,4,-1,2,0,2,3,0,15114,1,252,2,1873,1,65,64,64,64,2,19,72,63,64,1,0,45,202589,1,151558,71,202589,1,0,0,47,2,190528,3,110747,0,1085446,0,0,2,0,234886,2,1,2,0,190528,5,0,0,0,68,4238667,75,65,2,77,6,2,202589,202589,2,0,2,353,0,-1,51,559110,64
110749,76,82,253,11000,1,1,1946,255,0,3,51,255,3,1,Zagłębie Lubin,255,66,-1,4,220912,4,5,-1,6,0,2,3,0,16068,1,288,5,111092,1,66,67,69,65,2,16,38,67,66,1,0,32,220912,2,132352,51,220912,0,0,0,62,2,201114,5,110749,0,132352,0,0,2,0,184461,0,0,6,0,201114,2,0,0,0,37,3718000,52,66,5,32,5,2,201114,220912,2,0,2,353,0,-1,52,542976,68
110765,76,1,1,5250,1,1,2003,255,255,4,37,255,2,1,Incheon United,255,47,-1,1,242737,4,4,-1,4,0,1,3,0,20376,1,225,6,982,1,64,66,66,66,2,126,37,65,65,1,1,37,242737,0,1073184,52,204722,0,0,0,35,2,204722,5,110765,0,1066016,1,0,2,0,204722,0,0,5,0,242737,0,0,0,0,38,1700000,53,65,6,33,8,9,187455,242737,4,0,2,353,0,-1,63,1073184,69
110770,6,20,222,14500,255,255,1909,232,1,20,46,20,2,255,FC Sion,1,44,-1,1,229336,4,7,-1,4,0,2,3,0,14283,1,452,6,896,1,70,68,70,65,2,7,53,66,66,1,0,55,156227,1,303377,55,197900,1,0,13,39,4,229336,5,110770,0,1073425,0,0,2,0,193411,1,0,2,0,156227,2,0,0,0,53,5854375,55,68,6,39,2,1,197900,156227,2,0,3,353,0,-1,65,542993,65
110781,142,111,10,90000,255,255,1944,103,41,4,21,173,1,255,León,49,76,-1,2,184703,4,8,-1,7,0,2,5,0,31297,1,275,3,1880,2,70,71,69,74,2,-101,52,70,70,1,0,62,214605,0,66600,42,184703,0,0,5,52,4,184703,3,110781,0,286760,1,0,2,0,161938,1,1,2,0,184703,7,0,0,0,50,10350000,44,71,3,53,6,-6,161938,184703,7,0,4,353,0,-1,72,282664,74
110827,121,75,25,3850,255,255,1926,233,200,2,43,233,3,255,Real Oviedo,255,66,-1,3,189211,4,8,-1,5,0,2,4,0,30800,2,363,5,459,1,70,72,71,72,2,-5,50,72,71,2,0,48,189211,1,90256,58,189211,1,0,0,68,2,189211,4,110827,0,155792,0,0,2,0,189211,1,1,3,0,189211,0,0,0,0,51,1976119,42,71,7,65,4,1,189211,189211,2,0,1,353,0,-1,78,542864,73
110831,121,0,255,2600,255,255,1953,230,0,2,43,0,2,255,CD Lugo,0,76,-1,2,229332,4,5,-1,4,0,2,2,0,7840,2,290,6,242,1,70,68,69,70,2,-7,38,67,68,2,0,70,229332,0,66601,49,229332,1,0,0,60,2,229332,2,110831,0,263209,1,0,2,0,164470,0,0,4,0,229332,0,0,0,0,40,1565200,60,69,6,40,5,1,198564,229332,2,0,1,353,0,-1,60,1056809,68
110832,121,0,255,48000,255,255,1931,222,0,2,37,0,4,255,Granada CF,0,28,-1,0,202646,4,7,-1,2,0,2,4,0,22369,2,193,3,573,1,70,70,71,71,2,-3,72,69,69,2,0,34,202646,1,1089600,79,204830,1,0,0,25,2,204830,5,110832,0,561216,2,0,2,0,183353,2,0,2,0,202646,0,0,0,0,68,5472000,79,70,3,61,8,1,176619,202646,2,0,1,353,0,-1,49,526400,71
110839,121,70,40,4500,85,155,1960,240,175,3,42,240,3,55,SD Huesca,255,66,-1,4,227508,4,2,-1,5,0,2,2,0,5500,2,222,5,244,1,73,73,73,74,2,0,51,74,73,2,0,34,227508,0,83202,34,227508,0,0,0,64,2,227508,3,110839,0,155906,0,0,2,0,227508,1,0,7,0,227508,0,0,0,0,52,2072500,38,73,5,37,4,1,237034,227508,2,0,1,353,0,-1,64,526594,73
110854,121,1,1,2500,35,233,1909,138,1,2,41,34,2,39,CF Reus Deportiu,34,49,-1,1,204676,4,4,-1,4,0,2,1,0,4700,2,575,5,15019,1,68,68,68,69,2,1,50,68,67,2,0,47,204676,0,73736,53,204676,0,0,0,35,2,204676,2,110854,0,1056776,1,0,2,0,174013,1,0,2,0,204676,0,0,0,0,51,1525000,47,68,5,55,5,1,204676,204676,2,0,1,353,0,-1,53,1052680,67
110890,45,20,235,1659,255,255,1896,235,20,3,51,20,3,255,Crawley Town,20,48,-1,1,177389,4,2,-1,4,0,1,1,0,6134,0,123,6,112259,2,62,64,65,62,2,0,52,64,61,0,0,69,177389,1,1056840,39,177389,1,0,0,43,2,177389,2,110890,0,1073224,2,0,2,0,177389,1,0,2,0,177389,0,0,1,0,52,600000,69,62,6,63,6,0,219550,177389,2,0,1,353,0,-1,69,526408,64
110911,6,17,237,15000,1,1,1920,237,17,2,41,17,3,1,Foggia,17,59,-1,4,203455,4,2,-1,5,0,2,5,0,14530,1,652,3,110373,1,70,68,70,68,2,15,69,66,67,1,0,32,203455,0,115712,62,203455,1,0,0,72,2,203455,5,110911,0,102400,2,0,2,0,184512,2,0,4,0,203455,0,0,0,1,67,3375000,68,69,3,75,7,1,203455,203455,2,0,1,353,0,-1,32,151552,68
110912,6,0,230,22000,255,255,1910,230,2,2,45,0,2,255,Padova,2,28,-1,2,230768,4,5,-1,4,0,2,2,0,19736,1,696,5,206,1,67,65,66,66,2,11,70,65,67,1,0,30,230768,1,132161,44,230768,1,0,0,27,2,230768,4,110912,0,286785,2,0,2,0,164,1,1,2,0,230768,0,0,0,1,72,7073000,74,67,4,54,3,1,224121,230768,2,1,1,353,0,-1,74,526401,65
110913,70,241,244,3500,182,43,2010,233,1,3,51,222,3,51,Waasland-Beveren,12,45,-1,1,215480,4,3,-1,4,0,2,2,0,8190,1,49,4,2007,1,66,66,65,67,2,4,49,66,65,1,0,66,215480,0,181249,56,215480,1,0,0,41,4,215480,5,110913,0,1073153,0,0,2,0,235579,1,0,3,0,215480,0,0,0,0,49,1800000,66,66,5,41,5,1,213993,215480,2,0,1,353,0,-1,66,526337,66
110929,119,176,252,10000,1,1,1970,1,52,8,-26,1,2,1,Kaizer Chiefs,1,58,-1,4,190471,0,9,-1,5,0,1,6,0,94736,1,235,6,110930,1,68,70,68,71,2,27,38,69,69,1,0,64,206124,0,66584,53,224449,0,0,4,74,2,224449,5,110929,0,99352,2,0,2,0,165247,0,0,5,0,224449,12,0,0,0,39,2192000,34,70,6,34,8,2,190471,224449,2,0,6,353,0,-1,34,542744,71
110930,77,1,1,10500,255,255,1937,255,1,4,-26,255,2,255,Orlando Pirates,255,45,-1,1,211260,4,10,-1,4,0,2,6,0,40000,1,235,5,110929,1,70,68,70,67,2,27,70,66,66,1,0,51,211260,0,99344,53,211260,1,0,8,43,2,211260,5,110930,0,1069072,2,0,2,0,179822,2,1,3,0,241301,5,0,0,0,70,2550000,61,68,5,73,8,2,241301,241301,2,0,5,353,0,-1,73,526352,67
110955,134,1,1,190000,1,204,1951,255,255,4,31,255,4,1,Shanghai Greenland Shenhua,255,67,-1,4,169051,4,5,-1,4,0,2,4,0,33060,1,446,4,111768,1,70,67,70,76,2,121,51,60,61,0,0,67,169051,1,148596,47,196147,0,0,4,67,2,196147,3,110955,0,155764,0,0,2,0,169051,1,1,3,0,169051,3,0,0,0,50,26980000,43,67,4,55,3,8,169051,169051,4,0,3,353,0,-1,77,544884,78
110975,125,255,255,23000,200,54,1937,255,255,3,-33,0,3,112,Universidad Católica,0,75,-1,2,170719,4,9,-1,7,0,2,4,0,14118,1,263,6,15029,1,72,70,72,68,2,-70,53,70,70,1,1,50,218208,0,151698,50,170719,0,0,4,60,2,209660,8,110975,0,286866,0,0,2,0,170719,1,0,3,0,170719,12,0,0,0,53,8096000,70,70,6,69,4,-3,170719,170719,7,0,6,353,0,-1,80,1066130,68
110977,125,0,234,8500,0,255,1897,1,0,3,-33,1,2,242,Unión Española,1,45,-1,1,215129,4,6,-1,4,0,1,2,0,19000,0,226,4,101097,1,67,67,67,68,2,-70,37,66,66,1,1,57,215129,1,99480,50,215129,1,0,2,31,2,219174,6,110977,0,1066136,0,0,2,0,214684,0,0,5,0,215267,7,0,0,0,36,2603125,51,67,4,31,7,-3,215267,215129,7,0,6,353,0,-1,71,1073304,68
110980,125,255,255,34500,1,1,1925,215,255,5,-33,0,3,1,CD Viñazur,0,74,-1,2,196073,4,10,-1,6,0,1,7,0,47347,0,294,6,15029,0,73,72,73,74,2,-70,40,71,71,0,0,44,105318,1,164992,53,105318,0,0,11,54,4,105318,2,110980,0,296064,2,0,2,0,196073,0,0,4,0,105318,32,0,0,0,39,7214813,34,72,6,34,5,-3,105318,196073,7,0,4,353,0,-1,34,1085568,74
111019,36,45,235,16500,255,255,1904,0,46,3,-34,93,3,255,Argentinos Juniors,163,75,-1,2,158969,4,6,-1,4,0,2,4,0,24380,2,82,4,101088,1,69,68,69,71,2,-58,53,67,67,1,1,45,158966,1,266241,35,158969,1,0,0,55,2,158969,8,111019,0,286721,2,0,2,0,158966,1,0,2,0,158969,1,0,0,0,53,2800000,45,68,4,59,7,-3,158969,158969,7,0,5,353,0,-1,75,526337,70
111022,36,154,1,20500,212,1,1905,1,212,3,-31,154,4,154,Belgrano de Córdoba,212,29,-1,0,188042,4,5,-1,2,0,2,6,0,30000,2,120,5,112670,1,68,68,68,70,2,-64,73,67,66,1,1,40,188042,1,528705,55,235947,0,0,0,20,2,235947,6,111022,0,543041,2,0,2,0,188042,3,0,2,0,188042,0,0,0,0,68,4200000,65,68,3,65,6,-3,188042,188042,7,0,4,353,0,-1,65,543041,69
111035,142,255,255,5000,1,255,1996,1,255,1,18,1,2,1,Lobos B.U.A.P.,1,66,-1,4,209892,4,1,-1,6,0,2,2,0,19283,1,390,4,110152,2,66,67,67,69,2,-98,68,62,65,1,0,53,209892,0,66560,63,209892,1,0,0,63,5,209892,5,111035,0,167936,0,0,2,0,156434,2,0,3,0,209892,0,0,0,0,72,1550000,71,67,4,73,9,-6,209892,209892,7,0,1,353,0,-1,43,542720,69
111048,119,255,255,1250,128,0,1989,234,255,2,-25,0,2,0,Paraná,0,48,-1,1,234018,0,4,-1,4,0,2,2,0,20083,0,129,6,1039,1,71,70,71,68,2,-49,50,70,70,0,1,67,234018,1,1056768,31,234018,0,0,0,47,4,234018,2,111048,0,1056768,2,0,2,0,237066,1,0,2,0,234018,0,0,0,0,49,820000,67,70,4,47,1,-3,237068,234018,7,0,1,353,0,-1,31,528384,68
111057,119,40,238,8300,1,1,1905,1,30,3,-8,1,2,1,Sport,1,46,-1,1,230237,0,2,-1,3,0,2,4,0,32983,0,398,4,1598,1,71,70,71,70,2,-35,70,71,71,1,0,59,230237,1,1089864,47,230237,0,0,1,43,4,230237,7,111057,0,1069384,2,0,2,0,230388,2,1,2,0,230237,1,0,0,0,70,2460000,69,70,4,73,6,-3,230298,230237,7,0,3,353,0,-1,77,543048,70
111059,119,0,0,1300,255,255,1914,0,0,2,-7,0,2,255,Ceará,0,27,-1,1,230522,0,3,-1,4,0,2,3,0,20062,0,693,4,1598,1,69,68,69,64,2,-35,68,69,69,0,0,35,230522,1,532544,48,230522,1,0,0,29,4,230522,1,111059,0,1056832,2,0,2,0,230169,1,1,2,0,230522,0,0,0,0,72,724404,68,68,4,68,2,-3,230290,230522,7,0,2,353,0,-1,48,528448,64
111065,66,14,144,155000,102,51,2004,237,26,2,41,207,1,51,Real Salt Lake,22,47,-1,1,210423,4,6,-1,4,0,2,4,0,20213,1,427,5,694,1,72,69,73,69,2,-112,50,67,67,1,0,47,36111,0,1066114,51,210423,1,0,0,31,4,210423,6,111065,0,1073282,0,0,2,0,36111,1,1,3,0,210423,1,0,0,0,49,5000000,47,69,5,31,5,-7,210423,210423,2,0,4,353,0,-1,61,1069186,69
111082,76,237,255,9500,149,0,1929,255,0,3,54,255,5,69,Arka Gdynia,255,47,-1,1,190079,4,4,-1,4,0,2,3,0,15139,1,580,4,111091,1,65,64,64,66,2,18,36,63,65,1,0,66,242544,1,66564,52,242544,1,0,2,33,2,223850,4,111082,0,1049604,0,0,2,0,179055,0,0,4,0,190079,0,0,0,0,38,2553125,58,65,4,38,8,2,200703,190079,2,0,3,353,0,-1,58,526340,64
111083,76,0,240,4200,1,255,1973,240,5,2,50,215,3,228,Korona Kielce,1,66,-1,3,239962,4,5,-1,5,0,2,2,0,15500,1,246,3,1873,1,65,64,64,67,2,20,73,66,64,1,0,60,188405,1,118788,40,239962,1,0,0,70,2,239962,2,111083,0,151556,1,0,2,0,189924,2,0,5,0,239962,0,0,0,0,71,1570333,68,64,4,79,8,2,207898,239962,2,0,2,353,0,-1,70,559108,67
111086,76,51,0,8000,15,196,1945,0,153,3,50,83,3,13,Piast Gliwice,205,60,-1,4,207905,4,6,-1,5,0,1,3,0,9913,1,188,5,420,1,66,67,67,66,2,18,50,66,66,1,0,70,172756,1,66592,60,172756,1,0,0,80,2,172756,5,111086,0,73760,2,0,2,0,155422,1,0,3,0,207905,0,0,1,1,53,2500000,52,65,5,49,7,2,164339,207905,2,0,4,353,0,-1,60,1052704,67
111089,76,255,255,4500,109,8,1906,255,255,2,50,0,2,179,Zagłębie Sosnowiec,0,27,-1,0,179579,4,2,-1,4,0,2,3,0,7500,1,681,4,111086,1,62,63,63,63,2,19,49,61,62,1,0,24,244170,0,1056776,43,179579,1,0,4,27,2,179579,4,111089,0,532488,0,0,2,0,179579,1,0,4,0,179579,0,0,0,0,51,560000,41,62,4,35,6,2,179579,179579,2,0,1,353,0,-1,43,532488,69
111091,76,156,0,15000,255,255,1945,0,73,3,54,64,1,255,Lechia Gdańsk,0,59,-1,4,219700,4,7,-1,5,0,2,3,0,41620,1,177,3,110746,1,67,66,65,69,2,18,51,65,65,1,0,64,183228,0,115864,74,208898,1,0,1,74,2,219700,4,111091,0,123032,0,0,2,0,194082,1,0,6,0,219700,0,0,1,1,52,4800000,68,67,4,57,4,2,194082,219700,2,0,2,353,0,-1,74,1073304,71
111092,76,142,0,7500,255,255,1947,187,80,4,51,10,2,255,Śląsk Wrocław,4,27,-1,0,222163,4,7,-1,4,0,2,4,0,45105,1,532,5,1871,1,65,64,64,69,2,16,70,64,65,1,0,37,222163,1,1052724,33,222163,0,0,2,21,2,222163,2,111092,0,528436,0,0,2,0,155657,2,0,5,0,222163,2,0,0,0,70,2203125,61,65,5,73,8,2,176211,222163,2,0,4,353,0,-1,33,526388,67
111099,6,230,255,0,80,20,1992,30,52,5,-26,120,5,140,South Africa,50,27,-1,0,225144,4,10,-1,2,0,1,0,0,94736,1,0,3,111130,1,70,71,70,73,2,27,36,70,70,1,0,36,220245,1,1065488,37,225144,1,0,0,30,2,220245,0,111099,0,541712,0,0,2,0,219911,0,0,3,0,225144,0,0,0,0,38,0,48,71,3,38,0,2,223152,225144,2,0,4,353,0,-1,78,295952,73
111108,6,255,255,0,1,255,1922,245,255,2,-12,1,3,1,Peru,2,66,-1,4,158133,4,10,-1,6,0,2,0,0,50000,0,0,6,111459,1,74,72,74,76,2,-77,53,69,69,1,0,44,158133,0,172112,34,158133,0,0,0,64,2,158133,0,111108,0,155728,2,0,2,0,158133,1,1,2,0,158133,0,0,0,0,52,0,70,72,6,57,0,-5,204538,158133,7,0,3,353,0,-1,74,542800,76
111109,6,225,252,0,225,0,1924,200,22,3,10,25,3,75,Colombia,1,49,-1,1,246102,4,10,-1,4,0,1,0,0,46788,0,0,6,1369,1,80,79,80,80,2,-74,66,77,77,1,0,31,246102,1,66960,53,246102,0,0,0,43,2,246102,0,111109,0,1053072,0,0,2,0,176550,2,1,2,0,246102,0,0,0,0,66,0,61,79,6,73,0,-5,167397,210513,7,0,7,353,0,-1,53,66960,80
111112,6,128,255,0,255,255,1960,0,0,10,5,153,3,255,Ivory Coast,51,60,-1,4,188768,4,10,-1,5,0,1,0,0,40000,1,0,3,1395,1,75,75,75,76,2,-4,73,76,76,1,0,66,246091,1,99616,36,20289,0,0,0,76,10,20289,0,111112,0,86304,2,0,2,0,188768,2,0,5,0,246091,0,0,0,0,69,0,72,75,3,71,0,0,197853,188768,2,0,6,353,0,-1,76,558368,76
111130,6,0,210,0,1,1,1921,255,0,4,30,255,8,1,Egypt,255,45,-1,1,226078,4,10,-1,4,0,2,0,0,75000,0,0,3,111099,1,75,73,75,70,2,31,50,70,70,1,0,37,213051,1,296224,75,226078,1,0,0,39,4,226078,0,111130,0,1106208,0,0,2,0,175608,1,1,2,0,226078,0,0,0,1,53,0,37,73,3,59,0,2,226078,226078,9,0,5,353,0,-1,75,543008,70
111138,66,223,222,150000,237,133,2010,12,224,1,45,41,3,199,Minnesota United FC,80,26,-1,0,152828,4,3,-1,2,0,2,2,0,50805,1,602,2,693,1,69,69,69,74,2,-93,52,65,66,1,0,26,152828,2,525322,42,152828,1,0,0,23,2,152828,3,111138,0,532490,1,0,2,0,213064,1,0,3,0,152828,0,0,0,0,50,5000000,44,69,2,53,5,-6,214379,152828,2,0,1,353,0,-1,42,532490,74
111139,66,82,11,192000,12,12,1993,255,160,2,46,255,1,12,Montreal Impact,255,43,-1,1,218868,4,4,-1,4,0,2,4,0,20801,1,327,6,111651,1,69,71,70,71,2,-74,50,70,70,1,0,57,218868,0,1085800,71,221713,0,0,0,47,2,218868,4,111139,0,1089896,0,0,2,0,176376,1,0,2,0,218868,0,0,0,1,49,5000000,57,70,6,67,5,-5,176376,218868,2,0,4,353,0,-1,31,526696,72
111140,66,59,0,268000,17,234,2009,0,14,2,46,100,2,200,Portland Timbers,14,46,-1,1,172114,4,7,-1,4,0,2,4,1,21144,1,384,5,111144,1,68,68,67,74,2,-123,53,65,68,1,0,55,172114,1,1056776,48,172114,1,0,0,42,4,190577,4,111140,0,1056776,0,0,2,0,172114,1,0,2,0,172114,1,0,0,0,51,5000000,55,70,5,42,5,-8,172114,172114,2,0,3,353,0,-1,48,1056776,73
111144,66,198,148,268000,148,0,2007,148,82,3,48,240,1,85,Seattle Sounders,82,60,-1,4,211017,4,8,-1,5,1,2,6,0,69000,1,440,3,111140,1,73,71,73,72,2,-122,51,69,69,1,0,35,211017,1,82952,45,197225,1,0,4,75,2,197225,4,111144,0,90120,1,0,2,1,190971,1,0,7,0,211017,1,0,0,1,53,5000000,43,71,3,39,5,-8,211017,211017,2,0,4,353,0,-1,65,90120,74
111235,116,32,1,11160,28,218,2007,1,91,2,48,1,3,41,1. FC Heidenheim,1,75,-1,2,211703,4,4,-1,3,0,2,4,0,15000,1,214,4,110178,1,70,68,68,67,2,10,50,67,68,1,0,35,211703,1,148498,35,211703,1,0,0,55,2,211703,4,111235,0,286738,2,0,2,0,211703,1,0,2,0,211703,0,0,0,0,53,2000000,67,69,5,39,7,1,211703,211703,2,0,1,353,0,-1,65,286738,68
111239,116,1,225,21050,1,1,2004,255,25,4,48,255,5,1,FC Ingolstadt 04,255,74,-1,2,199912,4,8,-1,5,0,2,3,0,15800,1,227,3,100409,1,71,68,68,70,2,11,38,64,69,1,0,57,210237,1,164864,51,210237,1,0,0,57,2,199912,3,111239,0,312320,2,0,2,0,161644,0,0,6,0,199912,0,0,0,0,37,4500000,37,71,4,37,4,1,204226,199912,2,0,1,353,0,-1,67,544768,70
111273,137,102,12,8300,255,255,1897,17,70,2,49,147,2,255,Red Star FC,101,48,-1,1,244309,4,2,-1,4,0,2,2,0,10178,1,415,4,111817,1,68,65,68,64,2,2,68,61,63,0,0,49,182856,0,1052736,47,182856,0,0,5,35,2,182856,3,111273,0,1069120,1,0,2,0,220123,2,1,3,0,182856,0,0,0,0,68,2936540,79,65,4,65,6,1,244350,182856,2,0,1,353,0,-1,67,526400,64
111285,146,105,65,1025,255,255,1937,73,225,3,52,110,2,255,Limerick FC,208,75,-1,2,189810,4,2,-1,4,0,1,3,0,5000,0,630,6,422,2,57,53,54,55,2,-8,70,53,55,0,0,43,189810,1,74004,53,189810,1,0,2,53,2,169631,9,111285,0,266516,2,0,2,0,189810,2,0,3,0,169631,2,0,0,0,70,515000,61,55,5,73,9,0,229770,189810,2,0,1,353,0,-1,53,266516,54
111327,125,93,39,10000,1,1,1947,99,168,2,-36,153,2,1,Huachipato,228,45,-1,1,226556,4,4,-1,3,0,2,2,0,10500,1,474,3,112534,1,66,66,66,69,2,-73,51,66,66,0,0,63,214459,2,1073496,37,214459,1,0,0,35,2,214459,7,111327,0,1057112,2,0,2,0,214915,1,1,2,0,174754,2,0,0,0,50,3500000,63,66,3,55,5,-3,174754,226556,7,0,3,353,0,-1,37,543064,69
111328,125,255,255,8500,100,20,1920,238,255,2,-33,46,1,141,Palestino,36,49,-1,1,219452,4,6,-1,4,0,2,1,0,8000,0,256,5,101097,1,67,68,67,68,2,-70,53,66,66,1,1,35,219452,0,303360,69,178421,1,0,2,47,2,178421,6,111328,0,1089792,1,0,2,0,214458,1,0,2,0,219452,2,0,0,0,52,2390625,35,68,5,47,8,-3,188269,219452,7,0,3,353,0,-1,49,542976,68
111339,119,51,51,44000,255,255,1921,200,153,2,41,1,3,255,Kasımpaşa,1,75,-1,2,223424,4,4,-1,7,0,2,4,0,14234,1,231,3,101014,1,71,70,70,72,2,28,52,69,71,1,0,47,223424,1,184722,77,223424,1,0,0,57,4,223424,4,111339,0,303506,2,0,2,0,194077,1,0,3,0,223424,0,0,0,0,50,5221333,39,71,3,55,8,2,220131,223424,9,0,3,353,0,-1,47,559506,73
111340,119,125,2,12000,1,1,1970,255,9,1,38,253,3,1,Akhisarspor,2,47,-1,1,171954,4,5,-1,4,0,2,1,0,16597,1,301,5,111339,1,72,72,73,73,2,27,53,69,69,1,0,35,171954,2,295952,59,188840,1,0,1,47,2,171954,1,111340,0,1073168,2,0,2,0,171954,1,1,2,0,171954,0,0,0,0,52,2850000,35,72,5,47,8,2,189975,171954,9,0,2,353,0,-1,69,559120,73
111379,76,4,230,4170,1,1,1994,255,15,2,49,255,2,1,SG Sonnenhof Großaspach,255,47,-1,1,239492,4,5,-1,2,0,2,1,0,10001,1,643,2,550,1,61,64,61,64,2,9,53,65,64,1,0,40,239492,1,1049608,60,238680,1,0,0,49,2,238680,3,111379,0,1056776,2,0,2,0,198103,1,0,2,0,239492,0,0,0,0,53,600000,40,63,3,49,5,1,175963,239492,2,0,1,353,0,-1,60,528392,64
111393,126,1,255,8000,9,252,2003,229,1,1,-34,25,2,210,Adelaide United,55,74,-1,2,209888,4,4,-1,5,0,1,2,0,16500,1,5,5,111397,2,68,65,68,65,2,138,68,64,64,1,0,37,203024,0,270338,37,209888,0,0,1,57,2,209888,4,111393,0,282626,2,0,2,0,203024,2,1,7,0,203024,1,0,0,0,72,2000000,63,65,6,65,5,9,192337,209888,2,0,3,353,0,-1,67,266242,65
111395,126,118,244,11000,1,1,2005,251,36,1,-27,82,1,1,Brisbane Roar,1,75,-1,2,199418,4,7,-1,3,0,2,3,0,52500,1,75,4,111400,2,68,66,68,67,2,153,49,64,64,1,0,68,164626,0,132352,78,199418,1,0,0,58,4,199418,5,111395,0,303360,0,0,2,0,180726,1,0,3,0,199418,3,0,0,1,51,2000000,46,66,6,53,5,10,202676,199418,2,0,4,353,0,-1,38,526592,67
111396,126,210,255,5500,155,1,2004,255,1,1,-33,196,3,82,Central Coast Mariners,35,45,-1,1,155979,4,1,-1,4,0,1,1,0,20059,1,190,5,111398,2,65,64,65,66,2,151,72,63,63,1,0,53,212737,1,1056768,47,212737,1,0,0,33,2,212737,10,111396,0,1052672,0,0,2,0,183025,2,0,3,0,155979,1,0,0,0,72,2000000,63,64,5,63,9,10,155979,155979,2,0,3,353,0,-1,47,542720,66
111397,126,46,3,12500,255,255,2004,137,94,1,-37,148,1,255,Melbourne Victory,152,44,-1,1,172208,4,10,-1,4,0,2,5,0,30050,1,311,3,111400,0,70,67,70,67,2,144,52,65,65,1,0,59,172208,1,172040,39,200535,1,0,1,31,2,200535,1,111397,0,1056776,0,0,2,0,149270,1,1,2,0,172208,4,0,0,0,52,2000000,59,67,3,31,3,10,172208,172208,2,0,5,353,0,-1,39,1073160,67
111398,126,86,2,7000,39,235,2000,207,155,1,-32,173,10,45,Newcastle Jets,99,25,-1,0,202208,4,3,-1,2,0,2,2,0,33000,1,341,3,111396,0,66,65,66,67,2,151,68,64,64,1,0,35,202208,1,1082689,51,202208,1,0,0,25,2,202208,5,111398,0,526657,2,0,2,0,181477,3,0,2,0,202208,1,0,0,0,72,2000000,61,65,3,41,5,10,202208,202208,2,0,1,353,0,-1,51,526657,67
111399,126,40,93,8500,255,255,1995,90,130,2,-31,50,2,255,Perth Glory,110,46,-1,1,162900,4,4,-1,4,0,2,2,0,20500,1,376,6,111766,0,65,66,65,69,2,115,37,67,67,1,0,32,162900,0,1049920,44,162900,0,0,0,49,2,162900,2,111399,0,1066304,0,0,2,0,162471,0,0,2,0,162900,0,0,0,0,40,2000000,40,66,6,40,4,8,147006,162900,2,0,1,353,0,-1,80,543040,69
111400,126,200,140,12500,107,5,2004,255,255,2,-33,255,1,62,Sydney FC,255,66,-1,4,209359,4,10,-1,6,0,2,4,0,45500,1,472,5,112427,2,69,66,69,68,2,151,39,65,65,1,0,62,209359,1,66584,41,209359,1,0,1,62,4,209359,1,111400,0,148504,2,0,2,0,181479,0,0,3,0,209359,3,0,0,1,37,2000000,52,66,5,32,3,10,163828,209359,2,0,5,353,0,-1,72,526360,68
111434,6,28,237,15000,133,128,1903,237,36,3,45,28,2,130,Cremonese,36,75,-1,2,235163,4,5,-1,7,0,2,4,0,20641,1,650,4,190,1,69,69,68,68,2,10,52,70,69,1,0,62,235163,1,139264,72,235163,1,0,0,52,4,137406,6,111434,0,319488,2,0,2,0,199517,1,1,5,0,137406,0,0,1,0,50,3900000,44,69,4,53,6,1,137406,235163,2,0,1,353,0,-1,72,1052672,69
111451,6,136,0,0,255,255,1925,12,55,2,-16,144,3,255,Bolivia,88,47,-1,1,181375,4,10,-1,4,0,2,0,0,45143,0,0,6,111459,1,67,67,67,75,2,-68,52,66,66,1,0,64,225708,1,1073216,52,216751,1,0,0,33,6,216751,0,111451,0,1073216,1,0,2,0,153160,1,0,2,0,181375,0,0,0,0,50,0,64,67,6,53,0,-4,181375,181375,7,0,1,353,0,-1,72,542784,75
111455,146,1,255,0,255,255,1912,1,1,10,43,1,10,255,Canada,1,28,-1,0,189462,4,10,-1,2,0,2,0,0,30000,1,0,3,1387,1,71,70,71,73,2,-79,70,65,65,1,0,23,178287,1,544836,54,178287,0,0,0,26,2,178287,0,111455,0,542788,1,0,2,0,134744,3,0,2,0,189462,0,0,0,0,68,0,74,70,3,74,0,-5,189462,189462,2,0,2,353,0,-1,74,542788,73
111459,119,0,255,0,128,0,1933,255,0,3,-33,255,2,64,Chile,255,67,-1,4,184941,4,10,-1,6,0,2,0,0,48665,1,354,4,111108,1,79,77,79,78,2,-70,36,74,74,1,0,46,199042,1,135344,50,184941,1,0,0,66,4,184941,0,111459,0,165040,0,0,2,0,174543,0,0,7,0,184941,0,0,1,0,36,0,56,77,3,36,0,-3,181872,184941,7,0,7,353,0,-1,56,1049776,78
111465,6,225,255,0,155,1,1925,218,0,2,0,12,3,55,Ecuador,24,59,-1,4,241412,4,10,-1,5,0,2,0,0,35742,0,0,4,111108,1,69,71,69,74,2,-78,53,71,71,1,0,59,204738,2,122880,69,204738,1,0,0,79,4,204738,0,111465,0,122880,1,0,2,0,199103,1,0,3,0,241412,0,0,0,0,52,0,35,71,4,47,0,-5,220295,241412,7,0,5,353,0,-1,69,542720,74
111466,6,1,1,0,255,255,1937,255,255,3,28,128,5,255,India,1,45,-1,1,190939,4,10,-1,4,0,1,0,0,60000,0,0,3,1415,1,60,61,60,62,2,77,71,60,60,0,0,36,231461,1,135424,48,245170,1,0,0,33,2,245170,0,111466,0,1052928,1,0,2,0,190939,2,0,2,0,190939,0,0,0,0,73,0,66,61,3,63,0,6,190939,190939,7,0,1,353,0,-1,48,526592,62
111473,119,255,255,0,1,1,1891,229,255,2,-41,230,2,1,New Zealand,229,74,-1,2,232669,4,10,-1,7,0,1,0,0,34500,1,0,4,1415,1,65,67,65,71,2,174,70,65,65,1,0,50,232669,1,73792,40,232669,0,0,0,60,2,232669,0,111473,0,266304,2,0,2,0,202170,2,0,4,0,232669,0,0,0,0,69,0,69,67,4,76,0,12,192123,232669,2,0,2,353,0,-1,40,266304,71
111487,6,211,244,0,193,0,1926,239,55,2,10,65,3,137,Venezuela,56,29,-1,0,191053,4,10,-1,2,0,2,0,0,37485,0,0,2,111109,1,72,72,72,74,2,-64,71,70,70,1,0,31,191053,1,299328,40,191053,1,0,0,20,4,191053,0,111487,0,526656,0,0,2,0,191053,3,0,2,0,191053,0,0,0,0,72,0,70,72,2,50,0,-4,189250,191053,7,0,2,353,0,-1,40,526656,74
111560,70,4,226,4500,10,10,1922,250,26,5,50,250,3,10,Mouscron,250,26,-1,0,204442,4,2,-1,2,0,2,1,0,10800,1,332,2,100081,1,67,67,67,68,2,3,67,66,66,1,0,27,204442,1,1052672,47,204442,1,0,0,27,2,204442,6,111560,0,526336,0,0,2,0,204442,3,0,2,0,204442,0,0,0,0,69,1900000,77,67,2,57,6,1,204442,204442,2,0,1,353,0,-1,47,526336,69
111575,139,1,204,18200,255,255,1992,1,1,5,35,1,5,255,Urawa Red Diamonds,1,60,-1,3,217639,4,9,-1,6,0,2,7,0,62010,1,550,4,112093,1,67,69,67,70,2,139,40,72,71,2,1,49,217639,1,66720,38,217639,1,0,6,79,4,217639,3,111575,0,66720,0,0,2,0,217639,0,0,6,0,217639,5,0,0,0,39,8000000,39,69,7,39,1,9,191547,217639,4,0,5,353,0,-1,39,139424,71
111588,76,1,255,7000,1,1,2006,153,1,5,35,153,2,1,Gyeongnam FC,153,58,-1,4,204714,4,3,-1,5,0,2,2,0,15116,1,101,5,1475,1,66,64,66,65,2,128,71,60,62,1,1,54,204714,1,1069189,34,205156,1,0,0,74,4,221493,4,111588,0,86149,2,0,2,0,205156,2,0,4,0,204714,0,0,0,0,73,2940000,74,65,5,71,3,9,238224,204714,4,0,1,353,0,-1,64,542853,65
111592,6,0,0,0,0,0,2000,0,0,0,0,0,0,0,NG - FA,0,50,-1,0,1,4,5,-1,4,0,0,5,0,0,0,0,4,1,0,0,0,0,0,2,0,50,0,0,0,0,50,1,1,0,50,1,0,0,0,50,2,1,5,111592,0,0,0,0,2,2,1,0,1,2,0,1,0,0,0,0,50,0,50,0,4,50,5,0,1,1,2,0,5,353,0,-1,50,0,0
111596,141,97,0,0,255,255,1996,0,161,0,41,97,0,255,MLS All Stars,161,55,154,0,230977,4,10,-1,5,0,2,0,0,61500,0,115,6,45,0,77,77,77,77,2,-37,50,72,72,0,0,65,230977,1,0,50,230977,0,0,0,55,2,230977,0,111596,0,0,0,0,2,2,230977,0,1,2,0,230977,0,0,0,0,65,0,65,77,6,50,0,-5,207877,230977,2,0,10,353,0,-1,50,0,77
111651,66,0,240,295000,255,255,2006,68,0,2,44,84,2,255,Toronto FC,97,74,-1,2,184431,4,8,-1,7,1,2,5,0,30000,1,486,6,111139,1,72,72,72,79,2,-79,37,69,71,1,0,60,155887,0,296096,54,184431,1,0,0,60,4,189508,4,111651,0,296096,1,0,2,0,155887,0,0,6,0,184431,1,0,0,1,40,5000000,40,72,6,40,5,-5,184431,184431,2,0,4,353,0,-1,40,296096,81
111657,122,255,255,45000,164,29,1928,255,0,3,41,255,3,93,Frosinone,0,74,-1,2,201313,4,2,-1,2,0,2,4,0,16125,1,170,3,199,1,71,71,70,74,2,13,49,70,72,1,0,33,201313,0,148740,63,201313,1,0,0,53,2,201313,4,111657,0,303364,0,0,2,0,198223,1,0,3,0,201313,0,0,0,0,51,6975000,61,73,3,43,6,1,201313,201313,2,0,1,353,0,-1,43,542980,73
111660,150,255,255,1600,79,27,2013,58,255,2,57,111,2,34,Vendsyssel FF,215,43,-1,1,243704,4,1,-1,4,0,2,1,0,5000,1,678,4,112425,1,63,63,63,63,2,9,67,64,63,1,0,32,243706,1,1056816,56,243704,1,0,0,41,2,243704,5,111660,0,1052720,2,0,2,0,205533,2,0,2,0,243704,0,0,0,0,71,500000,62,63,5,71,6,1,215688,243704,2,0,1,353,0,-1,56,526384,63
111674,124,255,255,7300,1,255,1947,1,255,1,24,1,4,128,Al Shabab,1,43,-1,1,225359,4,7,-1,4,0,2,4,0,62685,1,405,4,112139,1,66,67,67,68,2,46,49,67,67,0,0,41,225359,2,73729,33,213102,0,0,3,43,4,208974,7,111674,0,1056769,0,0,2,0,191834,1,1,2,0,225359,6,0,0,1,51,3049575,41,67,4,43,3,3,225359,225359,9,0,4,353,0,-1,33,526337,71
111678,142,28,237,61000,1,1,2007,255,36,1,32,255,2,1,Club Tijuana,255,75,-1,2,187205,4,5,-1,4,0,2,5,0,27333,1,481,3,110781,2,71,71,72,69,2,-116,70,71,69,1,0,35,187205,0,69680,65,187205,0,0,0,55,4,187205,5,111678,0,299056,1,0,2,0,156421,2,1,2,0,223248,1,0,0,0,70,8963188,77,70,3,69,5,-8,223248,223248,7,0,6,353,0,-1,35,1056816,69
111705,68,1,1,1500,1,255,1942,1,1,2,59,25,3,1,IF Brommapojkarna,10,43,-1,1,229263,4,1,-1,3,0,2,1,0,5000,1,464,4,710,1,61,64,62,60,2,18,40,65,61,1,0,35,241653,1,525312,34,229263,1,0,0,39,2,192191,8,111705,0,1049600,2,0,2,0,198540,0,0,5,0,192191,0,0,0,0,40,500000,55,61,5,35,6,1,192191,192191,2,0,1,353,0,-1,55,1052672,63
111706,36,58,1,34000,138,1,1921,250,138,2,-32,250,3,58,Godoy Cruz,250,75,-1,2,204385,4,6,-1,5,0,2,3,0,42500,2,189,6,111713,1,65,67,64,71,2,-68,52,69,68,1,1,54,231360,1,74024,64,244946,1,0,0,54,2,242546,5,111706,0,319784,0,0,2,0,204385,1,0,3,0,204385,0,0,0,0,52,5000000,44,66,6,41,6,-3,204385,204385,7,0,6,353,0,-1,64,526632,70
111707,36,221,255,5200,42,65,1913,255,1,2,-38,255,3,166,Aldosivi,255,25,-1,0,219879,4,1,-1,3,0,2,1,0,35180,2,304,4,111715,1,66,68,66,68,2,-57,73,67,66,1,1,39,219879,1,1069064,56,219879,0,0,0,29,4,219879,3,111707,0,544776,2,0,2,0,143598,2,0,2,0,219879,0,0,0,0,69,500000,72,68,4,71,8,-3,206005,219879,7,0,1,353,0,-1,76,542728,70
111708,36,255,255,10000,241,98,1902,255,255,1,-26,255,5,188,Atlético Tucumán,255,68,-1,4,192906,4,4,-1,4,0,1,3,0,35200,2,423,5,111713,1,70,70,71,67,2,-65,50,70,70,1,1,45,192906,2,1106184,45,192906,1,0,0,65,4,192906,2,111708,0,155912,1,0,2,0,156483,1,0,2,0,192906,0,0,0,0,53,2000000,57,70,3,59,8,-3,192906,192906,7,1,2,353,0,-1,75,542984,67
111710,36,216,249,18100,51,5,1935,255,5,3,-34,255,2,114,Defensa y Justicia,255,60,-1,4,239301,4,6,-1,5,0,2,3,0,18000,2,164,4,110581,1,70,69,69,67,2,-58,40,69,69,1,1,69,239301,0,66697,28,214988,1,0,0,79,4,214988,4,111710,0,66697,2,0,2,0,222511,0,1,6,0,239301,0,0,0,1,39,3200000,39,69,4,39,7,-3,142822,239301,7,0,3,353,0,-1,39,1049737,67
111711,36,255,255,18300,8,251,1908,255,255,3,-34,255,3,5,Huracán,255,27,-1,0,142592,4,7,-1,2,0,2,5,0,48314,2,82,3,1013,1,69,71,70,72,2,-58,67,70,69,1,1,27,142592,1,575744,58,142592,0,0,1,29,2,142592,4,111711,0,526592,0,0,2,0,191443,3,1,2,0,142592,5,0,0,0,73,4800000,78,71,3,58,5,-3,142592,142592,7,0,7,353,0,-1,58,526592,72
111713,36,145,1,7500,1,1,1907,255,60,2,-31,255,3,1,San Martín de San Juan,255,28,-1,0,143107,4,2,-1,2,0,2,2,0,24000,2,421,2,111706,1,65,65,65,64,2,-68,38,65,65,1,1,21,143107,1,99328,53,143107,0,0,0,25,2,143107,4,111713,0,558080,1,0,2,0,184422,0,0,3,0,143107,0,0,0,0,39,1500000,59,66,2,39,4,-3,172094,143107,7,0,1,353,0,-1,59,532480,64
111714,36,0,235,6500,255,255,1909,235,0,4,-26,0,6,255,San Martin de Tucumán,0,25,-1,0,185064,4,1,-1,4,0,2,1,0,20250,2,423,4,111708,1,65,67,65,67,2,-65,49,66,66,1,1,35,185064,1,528448,61,216698,1,0,0,20,4,216698,3,111714,0,565312,1,0,2,0,172092,1,0,2,0,185064,0,0,0,1,49,500000,51,67,4,31,8,-3,172092,185064,7,0,1,353,0,-1,41,526400,66
111715,36,51,11,19000,37,210,1902,11,123,2,-34,51,3,1,Tigre,123,45,-1,1,186745,4,4,-1,4,0,1,3,0,26282,2,514,3,101088,1,71,69,70,71,2,-58,69,67,68,1,1,34,193535,1,1089792,44,210784,1,0,0,48,2,214660,6,111715,0,1052928,2,0,2,0,215196,2,0,2,0,210784,0,0,0,0,67,3500000,64,70,3,78,4,-3,182864,210784,7,0,3,353,0,-1,44,135424,70
111716,36,255,255,15000,21,200,1907,255,255,3,-31,255,2,30,Unión Santa Fe,255,76,-1,2,233057,4,6,-1,4,0,2,3,0,26000,2,431,6,110406,1,70,69,70,68,2,-60,67,69,68,1,1,42,232546,1,315448,72,232546,0,0,0,52,4,232546,5,111716,0,315448,1,0,2,0,159520,2,0,2,0,232546,0,0,0,0,69,3000000,74,68,6,63,6,-3,226811,233057,7,0,5,353,0,-1,72,575544,69
111722,74,9,156,8700,1,255,1954,156,19,4,4,9,2,255,Deportes Tolima,19,49,-1,1,236747,4,9,-1,4,0,2,3,0,30000,2,224,6,112528,1,69,70,70,69,2,-75,51,70,69,1,1,63,236747,1,90134,65,236747,1,0,1,39,5,236747,4,111722,0,1105942,1,0,2,0,214135,1,1,2,0,236747,1,0,0,0,53,3000000,63,69,6,39,6,-5,199964,236747,7,0,6,353,0,-1,65,559126,69
111723,74,40,188,4500,133,57,1949,255,38,1,1,200,4,49,Deportivo Pasto,1,58,-1,4,214091,4,3,-1,5,0,2,2,0,20665,2,422,5,101106,1,66,65,65,66,2,-77,39,65,66,1,1,34,214091,2,1049088,38,214091,1,0,0,74,4,214091,3,111723,0,66560,2,0,2,0,214091,0,0,6,0,214091,1,0,0,0,39,2000000,34,66,5,34,3,-5,213985,214091,7,0,2,353,0,-1,34,69632,66
111724,134,128,255,105000,255,255,1956,1,1,4,36,1,2,255,Shandong Luneng Taishan,255,44,-1,1,182343,4,6,-1,4,0,2,4,0,56808,1,234,5,111839,1,64,69,65,76,2,116,36,69,69,0,0,36,182343,0,1066049,35,182343,0,0,5,41,4,182343,3,111724,0,1066049,2,0,2,0,182343,0,0,5,0,182343,4,0,0,0,36,14490000,46,68,5,36,4,8,138456,182343,4,1,3,353,0,-1,76,1066049,76
111730,139,204,153,23500,1,1,1996,255,255,3,35,255,3,1,Kawasaki Frontale,255,66,-1,4,180754,4,8,-1,4,0,2,4,0,26827,0,548,5,101150,1,68,70,70,76,2,139,38,69,68,1,0,59,180754,1,99464,48,180754,1,0,0,69,4,180754,4,111730,0,132232,2,0,2,0,233138,0,0,2,0,180754,1,0,0,0,39,5200000,49,69,5,39,5,9,233138,180754,4,0,5,353,0,-1,49,1056904,79
111766,126,210,254,5000,1,1,2007,255,6,1,-41,255,1,1,Wellington Phoenix,255,43,-1,1,181491,4,2,-1,4,0,2,1,0,34500,1,524,3,111399,0,62,63,62,66,2,174,51,62,62,1,0,48,195620,1,66628,60,181491,0,0,0,49,4,195620,4,111766,0,1073220,0,0,2,0,180746,1,0,2,0,195620,0,0,0,0,53,2000000,48,63,5,69,6,12,195620,181491,2,0,1,353,0,-1,80,526404,66
111768,134,153,1,696000,255,255,1951,255,1,3,39,255,3,255,Beijing Sinobo Guoan,1,25,-1,0,198164,4,7,-1,4,0,1,6,0,66161,1,43,3,110955,1,73,69,73,73,2,116,36,64,64,0,0,26,169195,1,115976,50,169195,0,0,4,27,2,169195,4,111768,0,574728,0,0,2,0,169195,0,1,2,0,198164,6,0,0,0,36,62097120,31,69,3,31,3,8,198951,198164,4,0,4,353,0,-1,71,542984,73
111769,134,1,255,20000,255,255,1996,255,1,1,43,255,1,255,Changchun Yatai,1,29,-1,0,162280,4,3,-1,2,0,2,3,0,25000,1,100,4,111768,1,64,67,65,66,2,125,70,65,63,1,0,37,185195,0,542752,50,185195,0,0,0,25,4,221976,7,111769,0,542752,1,0,2,0,202855,3,0,2,0,221972,1,0,0,0,67,5333333,70,66,2,70,5,8,185195,162280,4,0,2,353,0,-1,70,1073184,66
111774,134,255,255,80000,153,76,1951,1,255,5,39,1,5,1,Tianjin Teda,1,43,-1,1,221847,4,4,-1,4,0,2,4,0,54696,1,480,6,111768,1,59,62,59,64,2,117,51,62,63,0,0,68,221847,1,1073216,60,223298,0,0,2,46,2,222622,4,111774,0,1073216,0,0,2,0,182360,1,1,2,0,221847,3,0,0,0,53,16800000,68,63,6,46,2,8,182360,221847,4,0,2,353,0,-1,80,1073216,65
111779,134,1,204,77400,204,1,1958,255,1,5,34,255,3,1,Henan Jianye,255,27,-1,0,231138,4,4,-1,2,0,2,3,0,29000,1,538,4,111768,1,61,64,61,69,2,113,73,61,61,0,0,26,178253,1,548936,48,231138,1,0,0,26,4,231138,3,111779,0,542792,2,0,2,0,186970,3,0,2,0,231138,0,0,0,0,69,14082930,78,64,2,58,3,8,152718,231138,4,0,2,353,0,-1,78,542792,69
111817,137,28,13,10000,255,255,1969,29,68,1,48,62,3,255,Paris FC,148,44,-1,1,193376,4,6,-1,4,0,2,1,0,20000,0,373,5,73,1,66,67,66,65,2,2,53,67,66,0,0,65,193376,1,1056768,39,193376,1,0,0,47,2,193376,4,111817,0,1056768,0,0,2,0,208857,1,0,2,0,227547,0,0,0,1,52,3700000,65,66,5,67,4,1,234619,227547,2,0,1,353,0,-1,39,526336,65
111821,77,2,207,12600,1,1,1905,255,38,1,48,255,1,1,Admira Wacker,255,48,-1,1,183691,4,5,-1,4,0,1,2,0,12000,1,305,4,1785,1,64,63,62,65,2,16,50,64,64,1,0,67,183691,1,303108,61,183691,0,0,6,31,2,183691,8,111821,0,1089540,1,0,2,0,183691,1,0,2,0,183691,9,0,1,1,49,2810000,67,64,4,31,8,1,211618,183691,2,0,2,353,0,-1,41,1052676,65
111822,77,255,255,2800,1,1,1931,252,255,5,46,252,7,1,Wolfsberger AC,252,29,-1,0,135190,4,2,-1,2,0,2,4,0,8100,1,529,3,209,1,64,66,66,64,2,14,72,67,65,1,0,25,135190,1,1069064,60,135190,1,0,0,29,2,135190,2,111822,0,526344,1,0,2,0,190592,3,0,2,0,135190,0,0,0,0,70,625000,80,64,3,80,5,1,135190,135190,2,0,1,353,0,-1,60,542728,64
111839,134,1,204,900000,255,255,1954,255,1,5,23,204,5,255,Guangzhou Evergrande Taobao,1,45,-1,1,212523,4,10,-1,4,0,1,6,0,58500,1,199,4,111724,1,72,71,71,75,2,113,50,68,69,2,0,32,158293,1,1066022,50,182411,0,0,2,49,2,158293,3,111839,0,1073190,0,0,2,0,158293,1,0,5,0,212523,7,0,0,0,53,54450000,32,72,3,49,5,8,212523,212523,4,0,6,353,0,-1,80,1073190,74
111928,66,60,1,235000,1,1,1994,255,166,1,37,255,2,1,San Jose Earthquakes,255,26,-1,0,205401,4,3,-1,2,0,1,4,0,18000,1,420,2,697,1,69,68,69,70,2,-121,73,66,68,1,0,23,205401,1,561216,32,208437,1,0,0,23,2,205401,3,111928,0,561216,0,0,2,0,164559,2,0,2,0,205401,2,0,0,0,71,5000000,64,69,2,63,5,-8,208437,205401,2,0,2,353,0,-1,62,561216,70
111974,122,102,0,94000,1,1,1920,255,0,2,44,255,3,1,Sassuolo,255,68,-1,4,210935,4,6,-1,4,0,2,3,0,21584,1,438,3,189,1,75,75,75,76,2,10,36,72,73,1,0,38,149185,0,99332,52,210935,0,0,0,68,2,210935,5,111974,0,132100,1,0,2,0,149185,0,1,4,0,210935,0,0,1,0,38,13000000,48,75,3,38,3,1,210935,210935,2,0,4,353,0,-1,48,139268,77
111993,6,0,191,13000,255,255,1973,191,0,2,45,0,4,255,Cittadella,0,48,-1,1,188499,4,4,-1,4,0,2,1,0,7623,1,571,5,206,1,68,68,69,66,2,11,40,69,66,1,0,45,188499,1,99330,53,188499,0,0,0,47,2,188499,9,111993,0,1065986,2,0,2,0,188499,0,0,3,0,188499,0,0,0,0,39,2704000,39,67,5,39,10,1,188499,188499,2,0,1,353,0,-1,79,548866,66
112001,119,255,255,2550,76,34,1912,255,255,3,-20,255,2,177,América Mineiro,255,49,-1,1,230469,4,2,-1,3,0,2,3,0,23018,0,44,3,1035,1,72,71,72,71,2,-44,72,71,71,1,0,61,230469,1,1073472,43,230469,1,0,0,35,4,230469,4,112001,0,1052992,2,0,2,0,230400,2,1,2,0,230469,0,0,0,0,72,760000,71,71,3,65,7,-3,230257,230469,7,0,2,353,0,-1,43,1069376,71
112019,74,255,255,3500,96,65,2002,251,255,1,5,88,1,52,Boyacá Chicó FC,1,26,-1,0,221302,4,1,-1,5,0,2,1,0,20630,2,496,6,112527,1,63,62,63,65,2,-73,73,61,63,1,1,25,221302,2,1052741,52,187379,0,0,0,29,4,187379,3,112019,0,528453,2,0,2,0,242467,2,0,2,0,187379,1,0,0,0,71,800000,68,63,6,75,6,-5,242467,187379,7,0,1,353,0,-1,52,526405,65
112026,6,255,255,30000,25,250,1929,255,18,2,41,255,5,25,Benevento,18,74,-1,2,185144,4,9,-1,4,0,2,5,0,17554,1,572,4,110373,1,70,72,72,71,2,14,52,71,71,1,0,37,173160,0,132096,37,173160,1,0,0,57,2,173160,3,112026,0,270336,0,0,2,0,149184,1,0,3,0,185144,0,0,0,0,50,9300000,69,70,4,35,2,1,185144,185144,2,0,1,353,0,-1,37,270336,71
112075,77,240,230,6700,255,70,2000,255,45,10,48,1,10,60,SKN St. Pölten,1,44,-1,1,190508,4,1,-1,4,0,2,1,0,8000,1,587,4,111821,1,62,63,62,65,2,15,67,59,61,1,0,56,190508,1,1085440,76,223429,1,0,0,41,2,223429,5,112075,0,1085440,2,0,2,0,190508,2,1,3,0,190508,0,0,0,0,69,2700100,66,63,4,71,4,1,190508,190508,2,0,1,353,0,-1,36,542720,65
112092,139,1,204,14200,255,255,1991,255,1,2,35,128,3,255,Nagoya Grampus,1,68,-1,4,140384,4,4,-1,6,0,2,5,0,20223,1,549,3,101144,1,62,66,63,70,2,136,72,63,65,1,0,38,140384,1,167936,68,232793,1,0,2,58,2,232793,6,112092,0,167936,2,0,2,0,232576,2,0,3,0,140384,1,0,0,1,73,4100000,71,66,3,64,4,9,140384,140384,4,0,3,353,0,-1,48,542720,71
112093,139,1,1,16700,1,1,1991,255,153,2,34,255,2,1,Gamba Osaka,255,47,-1,1,140196,4,8,-1,4,0,2,5,0,39694,2,544,4,111575,1,63,67,64,70,2,135,37,66,66,1,0,47,140196,1,73730,52,140196,1,0,5,44,4,140196,3,112093,0,1049602,0,0,2,0,140196,0,0,4,0,140196,2,0,0,0,38,5100000,58,67,4,38,4,9,140196,140196,4,0,5,353,0,-1,58,1056770,71
112096,124,1,255,6480,1,1,1945,255,1,2,26,255,2,153,Al Ettifaq,255,47,-1,1,215018,4,6,-1,4,0,2,3,0,21701,1,591,4,112391,1,67,66,68,67,2,50,50,63,64,1,0,62,215018,2,1049617,58,224962,1,0,2,45,5,215018,9,112096,0,1056785,2,0,2,0,198962,1,1,2,0,215018,2,0,0,0,51,1986120,62,65,4,65,6,3,215018,215018,9,0,4,353,0,-1,58,1056785,72
112115,76,128,255,7000,51,1,2008,255,1,4,37,255,2,102,Gangwon FC,255,49,-1,1,165911,4,2,-1,4,0,1,1,0,18156,1,174,6,1474,1,63,65,61,70,2,128,53,62,65,1,1,60,165911,1,1073160,56,165911,0,0,0,37,4,165911,6,112115,0,1073160,2,0,2,0,204104,1,0,2,0,165911,0,0,0,0,49,2600000,60,66,6,57,6,9,204104,165911,4,0,1,353,0,-1,76,542728,70
112116,125,150,100,14500,255,255,1955,177,255,2,-34,207,2,255,O'Higgins,245,74,-1,2,223105,4,8,-1,7,0,2,4,0,15600,1,395,3,111327,1,66,67,66,68,2,-70,37,66,66,1,0,37,224134,0,286848,46,216047,0,0,0,57,2,216047,5,112116,0,279680,1,0,2,0,176895,0,0,5,0,223105,1,0,0,0,37,3871500,37,67,3,37,6,-3,135647,223105,7,0,3,353,0,-1,67,548992,68
112134,66,10,0,170000,68,171,2008,78,68,2,40,143,2,138,Philadelphia Union,201,43,-1,1,177390,4,4,-1,4,0,2,2,0,18500,1,104,3,689,1,71,68,71,68,2,-75,38,66,66,1,0,53,177390,1,1049604,41,191173,1,0,0,35,2,191173,5,112134,0,1049604,1,0,2,0,191173,0,0,2,0,177390,0,0,1,1,37,5000000,47,69,4,37,5,-5,181271,177390,2,0,1,353,0,-1,47,1056772,68
112139,124,204,255,23780,204,1,1955,255,1,3,24,255,3,1,Al Nassr,255,66,-1,4,209281,4,8,-1,5,0,2,5,0,62685,1,405,3,605,1,73,73,74,70,2,46,37,69,68,1,0,51,228627,1,99457,50,184942,1,0,6,61,4,209281,2,112139,0,164993,0,0,2,0,208923,0,1,5,0,209281,7,0,0,0,36,8259270,31,72,3,31,2,3,208916,209281,9,0,5,353,0,-1,31,303233,70
112162,134,1,1,144000,255,255,1958,255,255,4,32,204,4,255,Jiangsu Suning,1,49,-1,1,178311,4,7,-1,4,0,2,5,0,61443,1,336,3,110955,1,60,65,60,73,2,118,51,66,66,1,0,48,222240,1,1056809,54,222240,0,0,1,41,2,222240,3,112162,0,1056809,0,0,2,0,222342,1,1,2,0,178311,0,0,0,0,52,30758400,48,65,3,61,1,8,178311,178311,4,0,4,353,0,-1,54,1056809,74
112165,134,1,255,67000,255,1,1995,255,1,1,29,255,1,1,Chongqing Lifan,255,26,-1,0,184858,4,2,-1,2,0,2,3,0,58680,1,107,2,112978,1,65,65,65,70,2,106,66,59,59,1,0,35,184858,0,1073160,77,184858,1,0,1,24,2,184858,4,112165,0,561160,2,0,2,0,211108,2,0,2,0,184858,0,0,0,0,66,9618688,69,65,2,73,5,8,211108,184858,4,0,1,353,0,-1,37,1073160,70
112168,6,56,32,12000,50,206,1914,32,87,1,39,56,3,38,Cosenza,87,68,-1,2,203721,4,1,-1,4,0,1,2,0,24209,1,694,4,347,1,65,64,65,66,2,16,38,63,65,1,0,57,203721,1,132096,46,203721,0,0,0,67,2,229750,4,112168,0,270336,0,0,2,0,203721,1,0,2,0,229750,0,0,0,0,37,3624000,57,65,4,37,6,1,220528,203721,2,1,1,353,0,-1,57,1052672,65
112172,114,7,221,401178,71,0,2009,255,65,1,51,255,4,31,RB Leipzig,255,59,-1,3,208448,4,8,-1,7,0,2,5,0,42959,1,273,3,22,1,79,78,80,78,2,12,66,77,77,1,0,39,208448,0,106544,69,208448,1,0,0,79,2,208448,8,112172,0,102448,2,0,2,0,204638,2,0,6,0,208448,0,0,0,1,66,50000000,69,78,3,61,1,1,212188,208448,2,0,6,353,0,-1,59,135216,79
112190,77,38,0,0,255,255,2012,0,110,0,50,38,0,255,Adidas,110,45,155,0,158023,4,10,-1,4,0,2,0,0,50000,0,47,4,1318,0,87,88,87,89,2,11,20,87,87,0,0,50,176635,0,0,70,176635,1,0,0,55,2,176635,0,112190,0,0,2,0,2,0,158023,0,1,2,0,158023,0,0,0,0,50,50000000,50,88,4,35,0,1,158023,158023,2,0,10,353,0,-1,50,0,89
112199,152,73,1,4800,255,255,2008,1,150,3,59,87,3,255,Sarpsborg 08 FF,170,48,-1,1,200369,4,5,-1,4,0,2,2,0,5759,0,437,3,1463,1,66,64,64,66,2,11,53,64,65,1,0,35,184229,2,1049856,45,184229,0,0,6,39,2,184229,6,112199,0,1057024,2,0,2,0,184229,1,0,2,0,200369,0,0,0,0,53,900000,35,65,3,39,5,1,200369,200369,2,0,2,353,0,-1,45,1049856,65
112200,152,85,1,2100,255,255,1901,1,207,2,63,85,2,255,Ranheim Fotball,207,44,-1,1,241911,4,2,-1,4,0,2,2,0,3000,0,493,4,298,1,64,63,66,62,2,10,50,62,62,1,0,62,241911,1,73864,36,203347,1,0,0,41,2,241911,5,112200,0,1073288,2,0,2,0,190408,1,0,3,0,203347,0,0,0,0,49,1650000,62,62,6,61,8,1,194714,241911,2,0,1,353,0,-1,76,266376,64
112224,126,173,108,13500,255,255,2009,255,223,1,-37,25,1,255,Melbourne City,37,68,-1,4,189225,4,8,-1,6,0,2,3,0,30050,1,311,4,111397,2,66,67,66,76,2,144,36,66,66,1,0,38,183471,1,164898,52,183471,1,0,1,68,2,178589,2,112224,0,164898,2,0,2,0,189225,0,0,3,0,189225,0,0,0,1,38,2000000,48,67,4,38,1,10,189225,189225,2,0,3,353,0,-1,48,1073186,76
112254,45,153,255,2200,1,1,1912,255,1,2,51,212,2,1,Newport County,88,74,-1,2,204222,4,3,-1,5,0,2,2,0,7850,0,343,4,1961,2,61,59,59,59,2,-2,68,58,60,0,0,37,204222,2,1056832,37,204222,0,0,0,57,2,212366,7,112254,0,282688,2,0,2,0,223381,2,0,2,0,204222,0,0,0,0,72,625000,79,61,6,73,9,0,223381,204222,2,0,1,353,0,-1,67,528448,57
112259,45,91,1,2850,5,251,2002,1,199,2,51,91,3,239,AFC Wimbledon,240,27,-1,0,213969,4,2,-1,2,0,1,2,0,4850,0,285,2,1798,1,64,63,65,64,2,0,69,61,63,0,0,22,206430,1,1101898,58,213969,1,0,0,24,2,213969,3,112259,0,542794,0,0,2,0,204458,3,0,2,0,213969,0,0,0,0,69,700000,68,63,3,48,8,0,206430,213969,2,0,1,353,0,-1,68,542794,64
112260,45,20,235,3500,255,255,1908,215,20,3,53,10,2,255,Fleetwood Town,10,60,-1,4,226679,4,4,-1,5,0,2,1,0,5327,0,163,5,1926,0,65,64,65,65,2,-3,36,63,65,0,0,51,226679,0,99714,50,226679,0,0,0,61,2,226679,7,112260,0,99714,2,0,2,0,163865,0,0,7,0,226679,0,0,0,0,36,950000,51,65,5,31,7,0,186127,226679,2,0,1,353,0,-1,51,1089922,65
112264,6,255,255,0,1,1,1800,255,255,5,49,255,5,1,Youth Squad,255,45,-1,0,1,4,0,-1,4,0,1,0,0,0,0,0,5,1318,0,0,0,0,0,2,-123,50,0,0,0,0,52,1,1,0,70,1,0,0,0,44,2,1,0,112264,0,0,0,0,2,2,1,0,1,2,0,1,0,0,0,0,37,100,49,0,5,49,0,-8,1,1,2,0,0,353,0,-1,51,0,0
112276,137,210,254,7000,27,214,1976,255,4,2,47,255,2,11,US Orléans,1,44,-1,1,49659,4,2,-1,4,0,2,1,0,6833,0,566,3,212,1,64,65,64,64,2,1,73,65,64,0,0,46,49659,0,1052994,48,49659,1,0,0,33,2,49659,3,112276,0,1069378,0,0,2,0,49659,2,0,3,0,49659,0,0,0,0,69,2604000,76,64,5,63,6,1,49659,49659,2,0,1,353,0,-1,68,526658,64
112378,134,111,1,90000,255,255,2009,1,255,3,38,77,2,255,Dalian Yifang,255,44,-1,1,184144,4,2,-1,4,0,2,2,0,61000,1,664,5,112537,1,65,66,67,70,2,121,51,64,60,0,0,53,208418,1,1105985,62,184144,0,0,0,36,2,184144,2,112378,0,1105985,2,0,2,0,224546,1,0,2,0,208418,0,0,0,0,50,22500000,53,64,5,36,1,8,184144,184144,4,0,1,353,0,-1,62,1073217,71
112387,124,152,63,17730,255,255,1937,63,89,3,21,152,3,255,Al Ahli,89,66,-1,4,223627,4,9,-1,5,0,2,5,0,62241,1,232,6,607,1,71,72,72,74,2,39,52,71,71,1,0,62,159171,1,139264,52,159171,1,0,13,62,4,159171,5,112387,0,139264,1,0,2,0,225060,1,1,4,0,223627,3,0,0,0,50,7817157,44,72,6,53,1,3,223627,223627,9,0,6,353,0,-1,52,266240,76
112389,124,1,131,5950,255,255,1954,255,1,1,25,255,1,255,Al Faisaly,255,27,-1,0,235502,4,5,-1,4,0,2,2,0,5200,1,209,3,112990,1,66,66,66,68,2,45,68,66,65,0,0,35,189819,1,1073161,53,189819,0,0,0,29,2,189819,3,112389,0,526345,0,0,2,0,210156,3,0,3,0,189819,0,0,0,0,72,2300000,63,66,3,63,6,3,243829,235502,9,0,2,353,0,-1,53,542729,70
112390,124,1,1,5950,1,1,1958,255,153,1,25,255,1,153,Al Fateh,255,46,-1,1,211212,4,6,-1,4,0,2,2,0,19096,1,7,4,112391,1,63,65,63,65,2,49,52,65,64,0,0,44,242308,2,1098842,62,245241,0,0,0,45,4,242308,8,112390,0,1106010,2,0,2,0,209565,1,0,2,0,211212,1,0,0,0,50,2300865,44,64,4,45,6,3,211212,211212,9,0,4,353,0,-1,62,526426,65
112391,124,255,255,4150,30,245,1967,249,255,1,26,178,2,228,Al Qadsiah,11,28,-1,0,159818,4,2,-1,4,0,2,2,0,11000,1,245,6,112096,1,67,65,66,67,2,50,73,64,66,0,0,20,159818,1,1056769,54,159818,0,0,0,22,2,159818,6,112391,0,528385,2,0,2,0,159818,2,0,2,0,159818,0,0,0,0,71,1983700,80,66,6,67,5,3,232219,159818,9,0,1,353,0,-1,54,526337,67
112392,124,1,255,5050,255,255,1954,1,1,1,26,1,1,255,Al Raed,1,74,-1,2,205138,4,4,-1,4,0,2,3,0,23600,1,83,6,112393,1,66,64,66,66,2,43,66,62,64,1,0,63,210786,1,139397,43,210786,1,0,0,53,2,210786,4,112392,0,266373,0,0,2,0,210786,2,1,3,0,205138,0,0,0,0,66,1764344,61,65,6,73,7,3,168984,205138,9,0,1,353,0,-1,43,528517,66
112393,124,224,221,6100,204,1,1956,255,88,2,26,255,2,1,Al Taawoun,255,45,-1,1,188000,4,5,-1,4,0,2,3,0,23600,1,83,5,112392,1,68,66,68,65,2,43,38,63,63,1,0,43,188000,0,66577,29,188000,1,0,0,39,5,209218,3,112393,0,1066001,0,0,2,0,213090,0,1,2,0,209218,0,0,0,1,40,2051125,55,66,5,35,7,3,209218,188000,9,0,4,353,0,-1,65,528401,66
112408,124,1,255,5230,255,255,1945,204,1,2,21,204,2,255,Al Wehda,204,75,-1,2,217097,4,4,-1,4,0,2,5,0,33195,1,308,4,607,1,72,71,73,74,2,39,69,67,66,0,0,64,217097,1,139521,44,199952,0,0,2,54,5,217097,7,112408,0,282881,2,0,2,0,191256,2,0,2,0,217097,0,0,0,0,67,2266028,80,69,4,67,3,3,190024,217097,9,0,1,353,0,-1,74,545025,74
112409,6,255,255,28000,0,255,1909,255,255,1,44,255,5,0,Carpi,255,29,-1,0,216076,4,5,-1,2,0,1,2,0,4164,1,96,3,189,1,66,65,63,67,2,10,72,65,66,1,0,39,216076,1,577604,45,216076,0,0,0,25,2,216076,7,112409,0,526404,2,0,2,0,216068,3,0,2,0,216076,0,0,0,0,67,4722667,75,67,3,75,7,1,202161,216076,2,0,1,353,0,-1,45,526404,67
112425,150,255,255,2800,255,1,1913,245,1,3,56,245,2,1,Hobro IK,1,25,-1,0,227866,4,1,-1,4,0,2,2,0,10700,2,219,6,1786,2,65,64,65,67,2,9,53,59,62,2,0,34,164637,1,1089608,41,162211,1,0,0,20,2,239170,5,112425,0,548936,2,0,2,0,164637,1,1,2,0,239170,0,0,0,0,49,550000,35,65,6,47,9,1,227866,227866,2,0,1,353,0,-1,61,542792,67
112427,126,33,255,10000,1,1,2012,255,46,2,-33,255,1,1,Western Sydney Wanderers,255,44,-1,1,162223,4,7,-1,4,0,2,5,0,24000,1,472,3,111400,2,68,65,68,65,2,151,51,66,66,1,0,48,200107,1,1082502,42,162223,1,0,0,45,2,162223,3,112427,0,1073286,2,0,2,0,180753,1,0,2,0,162223,0,0,0,1,50,2000000,48,65,5,65,4,10,180753,162223,2,0,6,353,0,-1,72,1073286,65
112428,6,0,0,0,0,0,2000,0,0,0,0,0,0,0,Create Player,0,50,-1,0,1,4,0,-1,0,0,0,5,0,0,0,0,0,1,0,0,0,0,0,2,0,50,0,0,0,0,50,1,1,0,50,1,0,0,0,50,2,1,5,112428,0,0,0,0,2,2,1,0,1,5,0,1,0,0,0,0,50,250000,50,0,0,50,5,0,1,1,2,0,0,353,0,-1,50,0,0
112429,134,153,1,40000,255,255,1986,0,255,3,23,80,3,255,Guangzhou R&F,150,47,-1,1,204399,4,5,-1,4,0,1,3,0,18000,1,199,3,111839,1,67,66,68,67,2,113,40,65,66,1,0,35,204399,2,303368,53,206171,0,0,0,38,2,204399,3,112429,0,1082632,0,0,2,0,186475,0,0,5,0,204399,0,0,0,0,39,10000000,54,67,3,34,3,8,204399,204399,4,0,4,353,0,-1,54,532744,67
112444,139,0,204,13200,1,1,1996,255,0,2,43,255,1,1,Hokkaido Consadole Sapporo,255,75,-1,2,233670,4,3,-1,6,0,1,2,0,41484,1,631,4,112836,1,63,63,59,66,2,141,51,58,62,1,0,62,233670,2,1057024,32,233670,0,0,0,52,2,233670,4,112444,0,286976,0,0,2,0,237745,1,1,3,0,233670,0,0,0,0,50,2852000,68,64,4,65,8,9,233670,233670,4,1,1,353,0,-1,72,526592,66
112448,139,148,241,10700,173,1,2005,254,44,2,32,254,3,102,V-Varen Nagasaki,255,28,-1,0,242128,4,3,-1,2,0,1,4,0,20246,1,661,2,101148,1,63,64,63,64,2,130,68,63,64,1,0,28,215647,0,1065984,34,242219,0,0,0,30,4,242219,6,112448,0,542720,2,0,2,0,242121,3,0,2,0,242128,0,0,0,0,71,3200000,74,63,4,54,6,9,215647,242128,4,0,1,353,0,-1,74,542720,67
112476,119,128,0,3600,255,255,1973,255,1,2,-27,255,3,255,Chapecoense,255,46,-1,1,230275,0,3,-1,4,0,2,2,0,15765,2,102,6,1629,1,71,71,71,69,2,-52,50,71,71,0,1,47,230275,2,1106201,61,230275,0,0,0,47,2,230275,6,112476,0,1106201,2,0,2,0,230330,1,1,2,0,230275,0,0,0,0,49,920000,47,71,5,47,7,-3,230521,230275,7,0,1,353,0,-1,61,543001,69
112505,76,116,0,3000,61,5,1971,206,192,4,51,48,2,104,Miedź Legnica,47,43,-1,1,171994,4,1,-1,4,0,2,1,0,6244,1,682,4,110749,1,64,65,64,64,2,16,51,65,64,1,0,33,171994,1,1056768,37,155795,0,0,1,35,2,155795,8,112505,0,1073152,0,0,2,0,155795,1,0,5,0,171994,0,0,0,0,50,1450000,33,64,4,35,7,2,171994,171994,2,0,1,353,0,-1,67,526336,64
112516,123,244,244,4100,0,30,1933,244,0,3,40,244,2,140,Tondela,0,28,-1,0,204731,0,2,-1,2,0,1,1,0,7500,0,484,3,518,1,68,69,68,69,2,-8,67,69,69,2,0,24,204731,0,1057092,54,204731,1,0,0,25,6,205846,5,112516,0,528708,0,0,2,0,20209,2,0,2,0,204731,0,0,0,0,71,820000,78,69,3,67,9,0,175851,204731,2,0,1,353,0,-1,54,559428,69
112523,74,146,1,4500,63,1,1982,255,63,5,4,255,3,146,La Equidad,255,68,-1,4,196151,4,5,-1,6,0,2,2,0,8000,2,59,3,112527,1,66,65,65,70,2,-74,53,63,64,1,1,69,196151,2,135178,79,196151,0,0,1,69,2,196151,4,112523,0,172042,2,0,2,0,196151,1,0,3,0,196151,0,0,0,0,52,2000000,65,66,4,67,4,-5,232238,196151,7,0,2,353,0,-1,39,266250,70
112526,74,114,251,3600,22,1,1989,251,33,2,6,114,4,116,Envigado,33,28,-1,0,221574,4,3,-1,2,0,2,1,0,12000,2,156,3,112578,1,63,63,63,61,2,-75,52,63,64,1,1,25,241020,1,1073168,59,230975,1,0,0,21,4,230975,10,112526,0,548880,2,0,2,0,213982,1,0,2,0,241020,0,0,0,1,52,1850000,39,63,3,31,3,-5,241020,241020,7,0,1,353,0,-1,69,561168,61
112527,74,1,226,3900,37,1,2003,226,38,2,5,1,3,106,Patriotas Boyacá,38,67,-1,4,190614,4,5,-1,6,0,2,1,0,20630,2,496,3,112523,1,66,66,66,66,2,-73,36,66,66,1,1,51,139058,1,1049608,20,221675,1,0,0,61,4,221675,3,112527,0,132104,0,0,2,0,139058,0,0,6,0,190614,0,0,0,0,36,1600000,41,66,3,31,7,-5,244822,190614,7,0,4,353,0,-1,41,532488,66
112528,74,238,246,4000,61,33,1990,246,29,1,2,238,4,121,Atlético Huila,29,76,-1,2,221246,4,7,-1,7,0,1,2,0,22000,2,339,5,111722,1,64,65,64,64,2,-75,50,63,63,1,1,70,221246,1,1073152,60,221246,1,0,0,60,2,221246,6,112528,0,286720,2,0,2,0,237143,1,0,2,0,221246,0,0,0,0,53,1750000,52,65,5,49,5,-5,221379,221246,7,0,4,353,0,-1,80,544768,64
112531,125,163,1,5000,1,1,1978,128,227,2,-20,255,3,1,Deportes Iquique,255,74,-1,2,202864,4,4,-1,2,0,2,2,0,12000,1,230,3,112533,1,67,66,67,65,2,-70,50,65,65,1,1,33,158790,1,1066001,43,202864,1,0,3,53,5,158790,4,112531,0,286737,2,0,2,0,215085,1,0,5,0,214065,0,0,0,0,51,1550001,37,66,4,35,9,-3,158790,202864,7,0,3,353,0,-1,63,544785,65
112533,125,193,66,8250,255,255,1966,1,255,1,-23,1,2,255,Deportes Antofagasta,1,49,-1,1,219518,4,4,-1,4,0,2,2,0,21170,1,21,7,112531,1,67,66,67,66,2,-70,53,65,65,1,1,50,214719,1,172160,74,219518,1,0,0,37,2,219518,6,112533,0,1089664,2,0,2,0,187591,1,1,2,0,219518,0,0,0,0,52,2346094,50,66,3,57,8,-3,223665,242112,7,0,1,353,0,-1,44,559232,66
112534,125,242,255,14000,160,0,1994,248,0,2,-36,215,1,50,Universidad de Concepción,60,47,-1,1,176901,4,6,-1,4,0,2,1,0,30448,0,118,6,111327,1,71,68,71,67,2,-73,49,67,67,1,0,51,215118,1,151824,33,215118,1,0,2,43,4,176901,5,112534,0,1073424,2,0,2,0,229201,1,0,2,0,215118,0,0,0,0,51,3325000,51,68,6,63,7,-3,215118,176901,7,0,1,353,0,-1,73,559376,67
112535,125,31,254,5000,255,255,1954,254,9,2,-32,31,3,255,Union La Calera,9,29,-1,0,224205,4,3,-1,2,0,2,2,0,10000,0,255,2,112668,1,66,66,66,68,2,-71,68,66,66,0,0,21,214266,0,172056,45,176916,1,0,0,29,5,176916,7,112535,0,542744,0,0,2,0,242146,3,0,2,0,176916,0,0,0,0,68,1550000,65,66,2,65,9,-3,176916,224205,7,0,1,353,0,-1,65,542744,68
112537,134,128,255,17000,1,1,1995,255,1,4,39,255,2,1,Beijing Renhe,255,66,-1,4,224556,4,6,-1,6,0,2,4,0,31043,1,43,5,111768,1,68,65,68,68,2,116,52,61,63,0,0,59,224556,1,115728,49,199088,0,0,1,69,2,199088,5,112537,0,155664,0,0,2,0,176915,1,0,4,0,224556,0,0,0,0,52,3009000,34,66,5,35,8,8,185090,224556,4,0,4,353,0,-1,69,542736,68
112540,134,1,255,100000,255,255,2005,204,1,4,31,1,2,255,Shanghai SIPG,1,47,-1,1,189362,4,5,-1,4,0,2,4,0,56842,1,446,3,110955,1,71,70,72,73,2,121,49,67,67,1,0,31,181573,1,66688,56,189362,1,0,0,32,4,189362,4,112540,0,1056896,2,0,2,0,224604,1,1,2,0,189362,0,0,0,1,49,24000000,31,69,3,32,1,8,189362,189362,4,0,2,353,0,-1,56,1056896,75
112578,74,1,130,4500,29,196,2008,178,19,4,6,144,1,1,Rionegro Águilas Doradas,57,48,-1,1,221378,4,5,-1,2,0,2,2,0,14000,2,404,2,112526,1,68,67,68,67,2,-75,71,67,67,1,1,36,214964,2,1052672,48,214964,1,0,0,33,5,214964,2,112578,0,1069056,1,0,2,0,214386,2,0,2,0,214964,0,0,0,0,73,2000000,66,67,2,63,5,-5,232070,221378,7,0,3,353,0,-1,68,542720,66
112579,74,242,255,3600,1,1,1990,255,1,2,7,242,4,1,Alianza Petrolera,1,29,-1,0,198690,4,7,-1,2,0,2,1,0,10400,2,39,3,112992,1,67,66,66,68,2,-73,73,66,66,1,1,39,198690,1,1053000,60,198690,1,0,0,27,4,198690,2,112579,0,528712,2,0,2,0,198690,2,0,2,0,198690,0,0,0,0,69,1350000,80,66,3,79,6,-5,214094,198690,7,0,2,353,0,-1,60,526664,66
112584,125,196,255,6500,102,21,1909,255,13,2,-33,196,4,57,Everton de Viña del Mar,13,45,-1,1,214685,4,1,-1,4,0,2,2,0,22360,0,593,3,112668,1,65,67,65,69,2,-71,53,66,66,1,1,35,231815,0,299161,52,199940,1,0,1,38,4,199940,4,112584,0,1056921,1,0,2,0,189357,1,1,2,0,214685,4,0,0,0,50,1990625,35,67,3,58,8,-3,199940,214685,7,0,1,353,0,-1,52,1056921,69
112606,66,52,102,248000,255,255,2010,253,141,2,28,228,1,255,Orlando City SC,1,58,-1,4,176062,4,5,-1,7,0,2,5,0,25500,1,360,6,112828,1,68,67,67,72,2,-81,68,67,70,1,0,65,176062,0,69768,55,176062,0,0,0,75,2,176062,4,112606,0,69768,1,0,2,0,176062,2,0,4,0,176062,0,0,0,1,68,5000000,75,69,6,69,5,-5,207858,176062,2,0,5,353,0,-1,55,69768,70
112655,125,1,255,5500,255,255,1973,1,1,1,-34,1,2,255,Curicó Unido,255,28,-1,0,224169,4,2,-1,2,0,1,2,0,8000,0,625,2,112116,1,65,65,65,66,2,-71,71,62,62,1,0,38,224169,2,286784,54,159366,1,0,0,21,5,224169,9,112655,0,526400,2,0,2,0,159366,3,0,2,0,176897,0,0,0,0,73,1753125,64,65,2,64,8,-3,216048,176897,7,0,1,353,0,-1,54,526400,66
112668,125,250,250,5000,1,1,1919,249,0,1,-32,191,4,1,San Luis de Quillota,3,74,-1,2,215239,4,3,-1,4,0,1,2,0,7703,0,392,5,112535,1,66,67,66,68,2,-71,52,66,66,1,0,59,159157,1,66560,49,215239,1,0,0,59,4,159157,6,112668,0,286720,2,0,2,0,159157,1,1,2,0,159157,0,0,0,0,52,1625000,59,67,6,31,8,-3,212943,215239,7,0,1,353,0,-1,69,286720,68
112670,36,27,5,22000,255,252,1913,5,68,3,-31,27,2,251,Talleres de Córdoba,68,47,-1,1,214665,4,6,-1,4,0,2,4,0,57503,2,120,6,111022,1,73,69,73,67,2,-64,37,68,68,1,1,32,214665,1,1066128,24,214665,1,0,0,49,4,214665,5,112670,0,1066128,2,0,2,0,161468,0,0,2,0,214665,0,0,0,0,40,5200000,50,69,6,40,4,-3,240168,214665,7,0,6,353,0,-1,80,1066128,66
112709,125,129,0,5000,255,255,1916,0,49,2,-38,129,2,255,Deportes Temuco,49,44,-1,1,176907,4,1,-1,4,0,2,1,0,18526,0,594,4,111327,1,67,66,67,67,2,-72,36,63,63,1,0,41,176907,0,1049922,42,176907,1,0,0,47,4,239389,5,112709,0,1049922,1,0,2,0,234492,0,0,5,0,239389,0,0,0,0,38,1500000,33,66,4,33,10,-3,214837,176907,7,0,1,353,0,-1,33,543042,67
112791,122,150,0,25000,254,254,1907,20,234,2,44,170,5,254,Spal,254,59,-1,4,202828,4,1,-1,5,0,2,3,0,13135,1,573,5,189,1,74,75,75,75,2,11,36,74,73,1,0,61,176553,1,99464,50,176553,1,0,0,71,2,235374,3,112791,0,115848,0,0,2,0,188599,0,0,6,0,202828,0,0,0,0,36,4500000,41,74,5,31,6,1,188599,202828,2,0,1,353,0,-1,71,1056904,76
112828,66,165,101,275000,255,255,2013,40,215,1,41,59,1,255,New York City FC,75,44,-1,1,183895,4,9,-1,4,0,2,5,0,47309,1,340,4,689,1,72,71,73,72,2,-74,37,70,70,1,0,42,183895,2,1049600,35,213302,1,0,0,67,4,183895,5,112828,0,1049600,0,0,2,0,212607,0,0,4,0,183895,0,0,0,0,36,5000000,41,71,4,31,5,-5,183895,113422,2,0,5,353,0,-1,41,1049600,73
112836,139,180,255,14000,153,1,1994,204,1,6,38,1,3,1,Vegalta Sendai,1,68,-1,4,232609,4,5,-1,5,0,2,3,0,19694,1,555,6,112444,1,63,65,64,66,2,140,40,66,63,1,0,35,232609,0,132160,39,232609,1,0,0,65,4,232609,5,112836,0,148544,0,0,2,0,232465,0,0,4,0,232609,0,0,0,1,40,3300000,45,64,6,35,7,9,232379,232609,4,0,4,353,0,-1,65,148544,66
112885,66,0,128,255000,32,35,2014,163,11,2,33,145,1,31,Atlanta United FC,97,59,-1,4,230977,4,9,-1,5,0,2,6,0,42500,1,601,4,112828,1,71,72,72,72,2,-84,40,70,69,1,0,64,230977,2,83336,48,230977,1,0,0,74,2,230977,5,112885,0,83336,2,0,2,0,164839,0,0,6,0,230977,0,0,0,0,39,5000000,44,71,4,34,5,-5,207877,230977,2,0,1,353,0,-1,74,1069448,72
112903,74,184,23,3800,255,255,2012,39,254,2,8,72,4,255,Jaguares de Córdoba,165,27,-1,0,214201,4,4,-1,2,0,2,1,0,12000,2,324,2,101101,1,66,65,66,62,2,-75,49,64,64,1,1,33,214201,1,1057048,53,221481,1,0,0,21,4,214201,2,112903,0,549144,2,0,2,0,214372,1,0,2,0,214201,0,0,0,1,51,1400000,31,65,2,63,7,-5,229381,214201,7,0,3,353,0,-1,73,543000,65
112970,74,250,255,3000,41,0,2015,255,71,1,6,255,4,147,Itagüí Leones FC,255,46,-1,1,204528,4,1,-1,4,0,2,1,0,12000,2,660,5,112578,1,62,63,63,62,2,-75,50,61,60,1,1,67,242491,1,73736,31,242129,0,0,0,47,8,220841,4,112970,0,1056776,2,0,2,0,225809,1,0,2,0,204528,0,0,0,0,49,500000,67,62,5,47,7,-5,204528,204528,7,0,1,353,0,-1,31,526344,62
112977,134,1,1,40000,255,255,2005,255,1,2,26,1,1,255,Guizhou Hengfeng,1,74,-1,2,182763,4,4,-1,3,0,1,3,0,18000,1,659,5,111769,1,67,65,67,71,2,106,73,62,64,1,0,36,182763,1,148548,46,171018,1,0,0,56,4,171018,4,112977,0,282692,2,0,2,0,241250,2,1,2,0,182763,0,0,0,0,71,11333333,76,66,5,71,2,8,182763,182763,4,0,2,353,0,-1,66,542788,71
112978,134,1,255,90000,1,255,2010,255,1,4,39,255,2,225,Hebei China Fortune,255,67,-1,4,159065,4,3,-1,6,0,2,3,0,33572,1,391,6,111774,1,67,69,67,72,2,119,37,67,65,0,0,55,159065,0,132224,24,159065,0,0,0,65,4,159065,2,112978,0,132224,0,0,2,0,182409,0,0,7,0,159065,0,0,0,0,40,22500000,35,68,6,35,1,8,159065,159065,4,1,1,353,0,-1,35,139392,74
112983,134,56,224,99000,255,255,2006,1,52,2,38,150,3,255,Tianjin Quanjian,255,29,-1,0,181846,4,9,-1,2,0,1,6,0,22320,1,480,3,111774,1,62,65,61,72,2,117,71,62,64,1,0,38,175598,0,1052673,40,181846,0,0,0,21,4,181846,1,112983,0,528385,1,0,2,0,182422,2,0,2,0,181846,0,0,0,0,73,23859000,74,66,3,64,1,8,180175,181846,4,0,6,353,0,-1,40,526337,70
112990,124,204,1,2880,255,255,1979,1,255,1,28,1,1,255,Al Batin,1,44,-1,1,221311,4,1,-1,5,0,1,1,0,6000,1,600,6,112389,1,64,64,64,70,2,46,53,63,63,0,0,40,235600,1,73992,34,221311,1,0,0,37,2,235600,8,112990,0,1057032,2,0,2,0,235655,1,0,4,0,221311,0,0,0,0,52,1309120,40,64,6,37,8,3,188305,221311,9,0,1,353,0,-1,34,528648,72
112992,74,237,255,3500,45,1,1949,255,1,4,7,237,2,122,Atlético Bucaramanga,1,76,-1,2,229108,4,2,-1,7,0,2,3,0,28000,2,80,5,112579,1,68,67,68,68,2,-73,50,64,64,1,1,55,214350,1,90368,45,214350,1,0,0,55,5,229108,3,112992,0,286976,1,0,2,0,214609,1,0,3,0,229108,0,0,0,0,53,1200000,32,67,5,39,6,-5,229108,229108,7,0,1,353,0,-1,65,549120,68
112996,66,1,1,260000,110,196,2014,250,1,2,34,250,3,158,Los Angeles FC,250,26,-1,0,169416,4,7,-1,2,0,1,4,0,22000,1,606,3,697,1,75,70,75,71,2,-118,67,67,69,1,0,20,173370,0,1049600,37,169416,1,0,0,28,2,178284,5,112996,0,526336,2,0,2,0,169416,3,1,2,0,169416,0,0,0,1,67,5000000,77,71,3,57,5,-8,169416,169416,2,0,1,353,0,-1,37,526336,71
112998,119,221,255,0,59,12,1961,247,0,4,-33,176,4,79,Australia Women,52,47,-1,1,227112,4,10,-1,4,0,2,0,0,83500,1,0,6,113002,1,82,80,82,81,2,151,50,77,77,0,0,67,227112,1,66608,52,227112,0,0,0,48,2,227112,0,112998,0,1056816,1,0,2,0,227118,1,0,2,0,227112,0,0,0,1,50,0,67,80,6,68,0,10,227117,227112,2,0,5,353,0,-1,52,548912,81
112999,119,240,255,0,68,0,1914,20,1,1,-16,140,2,118,Brazil Women,70,43,-1,1,245205,4,10,-1,4,0,2,0,0,72788,0,0,4,113009,1,79,79,79,81,2,-48,51,79,79,0,0,53,245205,1,106672,67,245205,1,0,0,35,4,245205,0,112999,0,1089712,2,0,2,0,245205,1,0,3,0,245205,0,0,0,0,50,0,53,79,4,35,0,-3,245205,245205,2,0,8,353,0,-1,57,1069232,81
113000,146,1,255,0,255,255,1986,1,1,3,49,1,2,255,Canada Women,1,47,-1,1,227405,4,10,-1,4,0,2,0,0,22000,1,0,6,113009,1,80,78,80,80,2,-123,53,75,75,1,0,65,227405,0,1057152,39,227405,1,0,0,47,2,227405,0,113000,0,1057152,1,0,2,0,226359,1,0,2,0,227405,0,0,0,0,52,0,65,78,6,67,0,-8,226359,227405,2,0,7,353,0,-1,39,1057152,80
113002,119,255,255,0,6,241,1972,255,255,5,52,255,5,6,England Women,255,44,-1,1,226358,4,10,-1,4,0,2,0,0,90000,0,0,4,113003,1,81,81,81,79,2,0,52,83,83,0,0,49,227257,1,1056772,31,227264,1,0,0,37,2,227257,0,113002,0,1056772,0,0,2,0,226358,1,0,2,0,226358,0,0,0,0,49,0,49,81,4,57,0,0,227257,226358,2,0,6,353,0,-1,31,1056772,79
113003,119,1,1,0,255,255,1904,255,136,3,48,1,3,255,France Women,1,75,-1,2,227331,4,10,-1,5,0,1,0,0,47929,1,0,5,113002,1,82,81,82,77,2,2,39,82,82,1,0,39,227318,0,132232,53,227350,0,0,0,59,2,227331,0,113003,0,296072,1,0,2,0,227318,0,0,4,0,227331,0,0,0,0,39,0,59,81,5,39,0,1,227331,227331,2,0,7,353,0,-1,59,266376,77
113004,77,255,255,0,1,1,1982,255,255,3,51,255,2,1,Germany Women,255,67,-1,4,226308,4,10,-1,5,0,2,0,0,54057,0,0,4,113009,1,84,82,84,81,2,6,37,78,78,0,0,51,226308,2,66208,35,226308,0,0,0,61,2,226308,0,113004,0,132256,2,0,2,0,226308,0,0,4,0,226308,0,0,0,0,36,0,41,82,5,31,0,1,227734,226308,2,0,10,353,0,-1,41,139424,81
113005,148,107,0,0,210,0,1968,255,187,4,41,255,3,90,Italy Women,255,49,-1,1,245443,4,10,-1,2,0,2,0,0,73261,1,0,2,113003,1,77,77,77,78,2,12,71,78,78,1,0,52,245443,0,270592,60,245443,1,0,0,49,2,245443,0,113005,0,1052928,2,0,2,0,227098,2,0,2,0,245443,0,0,0,0,73,0,62,77,2,79,0,1,227072,245443,2,1,4,353,0,-1,60,528640,78
113007,119,1,255,0,254,254,1978,2,1,1,51,1,1,254,Norway Women,1,58,-1,4,227282,4,10,-1,5,0,2,0,0,16508,0,0,4,113008,1,78,77,78,75,2,4,72,76,76,0,0,48,227282,1,73792,58,227282,1,0,0,78,2,227282,0,113007,0,69696,2,0,2,0,227282,2,0,4,0,227282,0,0,1,0,67,0,71,77,4,62,0,1,227102,227282,2,0,4,353,0,-1,58,69696,75
113008,77,221,253,0,180,1,1904,250,26,1,58,210,1,106,Sweden Women,5,74,-1,2,226968,4,10,-1,4,0,2,0,0,16596,0,0,5,113007,1,81,80,81,79,2,12,49,77,77,0,0,33,226968,0,263296,43,226987,1,0,0,53,2,226987,0,113008,0,270464,2,0,2,0,226975,1,0,2,0,226968,0,0,0,0,51,0,41,80,5,35,0,1,226987,226968,2,0,8,353,0,-1,43,1056896,79
113009,119,7,241,0,92,0,1985,255,16,4,48,255,2,37,United States Women,255,46,-1,1,226328,4,10,-1,2,0,2,0,0,39115,1,0,2,113000,1,83,84,83,87,2,-122,38,81,81,1,0,38,226328,1,66720,51,226328,1,0,0,45,2,226328,0,113009,0,1049760,2,0,2,0,226301,0,0,3,0,226328,3,0,1,1,37,0,32,84,2,32,0,-8,226301,226328,2,1,10,353,0,-1,32,1056928,87
113010,77,124,12,0,255,255,1923,255,68,2,19,1,4,255,Mexico Women,1,67,-1,4,227452,4,10,-1,6,0,2,0,0,87523,1,314,6,113009,1,75,74,75,75,2,-99,71,73,73,1,0,64,227451,1,1082736,44,227466,1,0,0,64,2,227466,0,113010,0,135536,0,0,2,0,227452,2,0,4,0,227452,0,0,1,0,67,0,78,74,6,71,0,-6,227457,227452,7,0,3,353,0,-1,44,526704,75
113011,119,87,248,0,255,255,1971,244,23,3,52,124,3,255,Holland Women,34,59,-1,4,233747,4,10,-1,5,0,2,0,0,54846,1,0,4,113004,1,82,81,82,84,2,51,73,77,77,1,0,36,233747,1,83104,56,233747,1,0,0,76,2,233747,0,113011,0,86176,2,0,2,0,233749,2,0,5,0,233747,0,0,0,0,71,0,76,81,4,71,0,1,233747,233747,2,0,8,353,0,-1,66,526496,84
113012,77,8,181,0,25,255,1983,200,16,1,40,44,1,173,Spain Women,22,76,-1,2,227203,4,10,-1,5,0,2,0,0,67703,0,0,4,113005,1,78,77,78,79,2,-3,53,77,77,0,0,55,227203,0,66696,45,227195,1,0,0,55,2,227203,0,113012,0,270472,2,0,2,0,227191,1,0,2,0,227203,0,0,1,0,53,0,55,77,6,39,0,1,227192,227203,2,0,4,353,0,-1,45,1056904,79
113057,124,255,255,5100,1,244,1953,1,255,2,25,1,1,177,Al Fayha,255,43,-1,1,211489,4,3,-1,3,0,1,1,0,5200,1,592,3,112390,1,68,66,68,70,2,45,71,62,63,0,0,44,211489,1,167936,42,211489,1,0,0,33,2,211489,3,113057,0,1069056,2,0,2,0,228625,2,1,3,0,214388,0,0,0,0,73,2136900,74,67,4,63,4,3,214835,211489,9,0,1,353,0,-1,72,542720,68
113142,119,127,255,5290,80,35,1948,254,39,3,36,254,3,160,Alanyaspor,254,75,-1,2,199060,4,2,-1,7,0,2,1,0,10842,1,20,4,742,1,72,73,73,75,2,32,68,74,71,1,0,49,199060,2,172304,79,214973,0,0,0,59,2,175847,3,113142,0,299280,2,0,2,0,234462,2,0,4,0,214973,0,0,0,0,68,2094523,63,72,4,77,6,2,152814,214973,9,0,1,353,0,-1,59,1085712,76
113157,139,1,102,16600,255,255,1992,76,204,3,34,1,2,255,Sanfrecce Hiroshima,153,43,-1,1,222988,4,10,-1,4,0,1,5,0,36906,1,552,5,111575,1,69,68,70,68,2,132,37,65,64,1,1,52,222988,1,525442,27,232512,1,0,3,45,4,232512,3,113157,0,1049730,0,0,2,0,222988,0,1,4,0,222988,8,0,0,1,38,5500000,48,67,5,38,3,9,202401,222988,4,0,5,353,0,-1,68,526466,69
113160,139,175,22,17900,183,250,1997,255,209,2,33,255,2,141,Sagan Tosu,255,67,-1,4,233140,4,5,-1,6,0,2,2,0,24130,1,551,4,101147,1,66,68,66,71,2,130,68,65,63,2,0,50,233140,0,90184,50,233140,1,0,0,70,2,233140,5,113160,0,151624,0,0,2,0,211434,2,1,3,0,233140,0,0,0,0,69,3800000,67,68,4,64,7,9,213061,233140,4,0,2,353,0,-1,80,542792,71
113161,139,180,99,10700,138,1,1968,255,58,2,35,255,2,67,Shonan Bellmare,255,29,-1,0,232950,4,2,-1,2,0,2,4,0,15200,1,553,2,101151,1,64,64,64,65,2,139,73,62,61,1,0,33,232375,1,1105924,70,232375,0,0,3,21,4,232375,5,113161,0,559108,2,0,2,0,232375,3,0,2,0,232950,3,0,0,0,71,2650000,70,64,4,70,8,9,212817,232950,4,0,2,353,0,-1,50,542724,66
113173,68,18,235,4800,1,1,1996,230,25,1,63,15,7,1,Östersunds FK,20,68,-1,4,204220,4,7,-1,6,0,2,3,0,8466,0,362,4,1596,1,64,64,64,64,2,14,39,63,65,1,0,50,227835,1,164868,54,227835,1,0,0,70,2,204220,3,113173,0,164868,2,0,2,0,208432,0,0,5,0,204220,0,0,1,1,40,900000,60,64,4,40,5,1,215817,204220,2,0,3,353,0,-1,60,526340,64
113219,124,233,244,2750,1,1,1936,255,1,1,24,255,1,1,Ohod Club,255,49,-1,1,208927,4,1,-1,4,0,1,3,0,24000,1,633,6,112990,1,63,64,63,66,2,39,73,63,63,0,0,70,208927,2,1073152,46,222566,1,0,0,37,4,208927,3,113219,0,1052672,1,0,2,0,208927,2,0,3,0,208927,0,0,0,0,71,1622500,80,64,6,67,5,3,210990,208927,9,0,1,353,0,-1,46,542720,66
113222,124,255,255,2100,230,5,1957,230,255,1,25,2,1,15,Al Hazem,12,44,-1,1,214611,4,1,-1,4,0,1,1,0,3000,1,672,4,112392,1,65,65,66,63,2,43,72,61,62,0,0,45,212771,1,1089536,50,244021,0,0,0,36,2,214611,4,113222,0,1069056,0,0,2,0,231120,2,0,2,0,212771,0,0,0,0,67,1016400,75,64,4,66,9,3,196910,212771,9,0,1,353,0,-1,70,544768,63
113258,119,254,254,0,1,1,1975,222,254,2,-36,222,3,1,New Zealand Women,222,46,-1,1,233345,4,10,-1,4,0,2,0,0,25000,0,0,3,112998,1,76,77,76,77,2,174,52,74,74,0,0,34,233345,1,1056776,42,233348,0,0,0,56,2,233348,0,113258,0,1056776,0,0,2,0,233345,1,1,2,0,233345,0,0,0,0,50,0,34,77,3,56,0,12,233345,233345,2,0,2,353,0,-1,42,526344,77
113259,119,1,255,11000,1,255,1986,1,1,1,38,1,3,255,Yeni Malatyaspor,1,28,-1,0,167753,4,2,-1,4,0,2,2,0,27044,1,626,6,101020,1,69,69,70,73,2,38,52,66,66,1,0,25,167753,1,1052756,79,167753,1,0,0,24,4,167753,3,113259,0,581716,0,0,2,0,239050,1,0,2,0,167753,0,0,0,0,52,2750000,69,70,6,51,8,2,210439,167753,9,0,1,353,0,-1,79,532564,73
113458,68,129,104,2700,1,1,1907,130,240,2,59,150,4,1,IK Sirius,220,66,-1,4,188959,4,1,-1,6,0,2,2,0,6300,1,620,3,433,1,64,64,65,65,2,17,38,63,63,1,0,62,188959,1,132096,46,188959,0,0,0,62,2,188959,6,113458,0,132096,2,0,2,0,232177,0,0,6,0,188959,0,0,0,0,37,650000,52,64,3,32,6,1,176928,188959,2,0,1,353,0,-1,52,132096,65
113459,152,40,20,2600,255,255,2003,20,100,2,63,40,4,255,Kristiansund BK,120,76,-1,2,198519,4,3,-1,7,0,2,3,0,4277,0,623,3,417,1,64,63,64,64,2,7,53,62,64,1,0,39,227810,1,1056832,39,198519,1,0,0,59,2,198519,7,113459,0,270400,2,0,2,0,198642,1,0,3,0,227810,0,0,0,0,52,500000,40,64,3,63,6,1,190518,227810,2,0,1,353,0,-1,39,526400,67
113876,68,106,19,2050,255,255,2004,19,64,2,69,106,3,255,Dalkurd FF,64,46,-1,1,243159,4,1,-1,4,0,2,2,0,6500,1,175,6,113458,1,61,62,61,61,2,13,70,64,61,1,0,67,243159,1,1052672,47,243159,0,0,0,41,2,232161,4,113876,0,1052672,2,0,2,0,181339,2,0,3,0,232161,0,0,0,0,68,700000,77,61,6,71,1,1,243159,243159,2,0,1,353,0,-1,47,1052672,61
113948,137,98,1,7000,1,215,2007,9,196,1,43,43,1,1,AS Béziers,82,44,-1,1,240053,4,1,-1,4,0,1,1,0,18555,0,679,4,1809,1,63,63,64,62,2,3,50,61,63,0,0,62,222973,1,263168,40,240053,1,0,0,49,2,240053,3,113948,0,1073152,2,0,2,0,188272,1,0,2,0,240053,0,0,1,0,53,2100000,62,63,5,69,8,1,244022,240053,2,0,1,353,0,-1,70,1052672,62
-2147483648,0,0,0,0,0,0,1800,0,0,-100,-90,0,-100,0,,0,1,-1,0,-1,0,0,-1,0,0,0,0,0,0,0,0,0,1,0,0,0,0,0,0,-180,1,0,0,0,0,1,-1,0,0,1,-1,0,0,0,1,1,-1,0,1,0,0,0,0,0,0,-1,0,0,0,0,-1,0,0,0,0,1,0,1,0,0,1,0,-12,-1,-1,0,0,0,0,0,-1,1,0,0
-2147483648,0,0,0,0,0,0,1800,0,0,-100,-90,0,-100,0,,0,1,-1,0,-1,0,0,-1,0,0,0,0,0,0,0,0,0,1,0,0,0,0,0,0,-180,1,0,0,0,0,1,-1,0,0,1,-1,0,0,0,1,1,-1,0,1,0,0,0,0,0,0,-1,0,0,0,0,-1,0,0,0,0,1,0,1,0,0,1,0,-12,-1,-1,0,0,0,0,0,-1,1,0,0
-2147483648,0,0,0,0,0,0,1800,0,0,-100,-90,0,-100,0,,0,1,-1,0,-1,0,0,-1,0,0,0,0,0,0,0,0,0,1,0,0,0,0,0,0,-180,1,0,0,0,0,1,-1,0,0,1,-1,0,0,0,1,1,-1,0,1,0,0,0,0,0,0,-1,0,0,0,0,-1,0,0,0,0,1,0,1,0,0,1,0,-12,-1,-1,0,0,0,0,0,-1,1,0,0
-2147483648,0,0,0,0,0,0,1800,0,0,-100,-90,0,-100,0,,0,1,-1,0,-1,0,0,-1,0,0,0,0,0,0,0,0,0,1,0,0,0,0,0,0,-180,1,0,0,0,0,1,-1,0,0,1,-1,0,0,0,1,1,-1,0,1,0,0,0,0,0,0,-1,0,0,0,0,-1,0,0,0,0,1,0,1,0,0,1,0,-12,-1,-1,0,0,0,0,0,-1,1,0,0
-2147483648,0,0,0,0,0,0,1800,0,0,-100,-90,0,-100,0,,0,1,-1,0,-1,0,0,-1,0,0,0,0,0,0,0,0,0,1,0,0,0,0,0,0,-180,1,0,0,0,0,1,-1,0,0,1,-1,0,0,0,1,1,-1,0,1,0,0,0,0,0,0,-1,0,0,0,0,-1,0,0,0,0,1,0,1,0,0,1,0,-12,-1,-1,0,0,0,0,0,-1,1,0,0
-2147483648,0,0,0,0,0,0,1800,0,0,-100,-90,0,-100,0,,0,1,-1,0,-1,0,0,-1,0,0,0,0,0,0,0,0,0,1,0,0,0,0,0,0,-180,1,0,0,0,0,1,-1,0,0,1,-1,0,0,0,1,1,-1,0,1,0,0,0,0,0,0,-1,0,0,0,0,-1,0,0,0,0,1,0,1,0,0,1,0,-12,-1,-1,0,0,0,0,0,-1,1,0,0
-2147483648,0,0,0,0,0,0,1800,0,0,-100,-90,0,-100,0,,0,1,-1,0,-1,0,0,-1,0,0,0,0,0,0,0,0,0,1,0,0,0,0,0,0,-180,1,0,0,0,0,1,-1,0,0,1,-1,0,0,0,1,1,-1,0,1,0,0,0,0,0,0,-1,0,0,0,0,-1,0,0,0,0,1,0,1,0,0,1,0,-12,-1,-1,0,0,0,0,0,-1,1,0,0
-2147483648,0,0,0,0,0,0,1800,0,0,-100,-90,0,-100,0,,0,1,-1,0,-1,0,0,-1,0,0,0,0,0,0,0,0,0,1,0,0,0,0,0,0,-180,1,0,0,0,0,1,-1,0,0,1,-1,0,0,0,1,1,-1,0,1,0,0,0,0,0,0,-1,0,0,0,0,-1,0,0,0,0,1,0,1,0,0,1,0,-12,-1,-1,0,0,0,0,0,-1,1,0,0
-2147483648,0,0,0,0,0,0,1800,0,0,-100,-90,0,-100,0,,0,1,-1,0,-1,0,0,-1,0,0,0,0,0,0,0,0,0,1,0,0,0,0,0,0,-180,1,0,0,0,0,1,-1,0,0,1,-1,0,0,0,1,1,-1,0,1,0,0,0,0,0,0,-1,0,0,0,0,-1,0,0,0,0,1,0,1,0,0,1,0,-12,-1,-1,0,0,0,0,0,-1,1,0,0
-2147483648,0,0,0,0,0,0,1800,0,0,-100,-90,0,-100,0,,0,1,-1,0,-1,0,0,-1,0,0,0,0,0,0,0,0,0,1,0,0,0,0,0,0,-180,1,0,0,0,0,1,-1,0,0,1,-1,0,0,0,1,1,-1,0,1,0,0,0,0,0,0,-1,0,0,0,0,-1,0,0,0,0,1,0,1,0,0,1,0,-12,-1,-1,0,0,0,0,0,-1,1,0,0
-2147483648,0,0,0,0,0,0,1800,0,0,-100,-90,0,-100,0,,0,1,-1,0,-1,0,0,-1,0,0,0,0,0,0,0,0,0,1,0,0,0,0,0,0,-180,1,0,0,0,0,1,-1,0,0,1,-1,0,0,0,1,1,-1,0,1,0,0,0,0,0,0,-1,0,0,0,0,-1,0,0,0,0,1,0,1,0,0,1,0,-12,-1,-1,0,0,0,0,0,-1,1,0,0
-2147483648,0,0,0,0,0,0,1800,0,0,-100,-90,0,-100,0,,0,1,-1,0,-1,0,0,-1,0,0,0,0,0,0,0,0,0,1,0,0,0,0,0,0,-180,1,0,0,0,0,1,-1,0,0,1,-1,0,0,0,1,1,-1,0,1,0,0,0,0,0,0,-1,0,0,0,0,-1,0,0,0,0,1,0,1,0,0,1,0,-12,-1,-1,0,0,0,0,0,-1,1,0,0
-2147483648,0,0,0,0,0,0,1800,0,0,-100,-90,0,-100,0,,0,1,-1,0,-1,0,0,-1,0,0,0,0,0,0,0,0,0,1,0,0,0,0,0,0,-180,1,0,0,0,0,1,-1,0,0,1,-1,0,0,0,1,1,-1,0,1,0,0,0,0,0,0,-1,0,0,0,0,-1,0,0,0,0,1,0,1,0,0,1,0,-12,-1,-1,0,0,0,0,0,-1,1,0,0
-2147483648,0,0,0,0,0,0,1800,0,0,-100,-90,0,-100,0,,0,1,-1,0,-1,0,0,-1,0,0,0,0,0,0,0,0,0,1,0,0,0,0,0,0,-180,1,0,0,0,0,1,-1,0,0,1,-1,0,0,0,1,1,-1,0,1,0,0,0,0,0,0,-1,0,0,0,0,-1,0,0,0,0,1,0,1,0,0,1,0,-12,-1,-1,0,0,0,0,0,-1,1,0,0
-2147483648,0,0,0,0,0,0,1800,0,0,-100,-90,0,-100,0,,0,1,-1,0,-1,0,0,-1,0,0,0,0,0,0,0,0,0,1,0,0,0,0,0,0,-180,1,0,0,0,0,1,-1,0,0,1,-1,0,0,0,1,1,-1,0,1,0,0,0,0,0,0,-1,0,0,0,0,-1,0,0,0,0,1,0,1,0,0,1,0,-12,-1,-1,0,0,0,0,0,-1,1,0,0
-2147483648,0,0,0,0,0,0,1800,0,0,-100,-90,0,-100,0,,0,1,-1,0,-1,0,0,-1,0,0,0,0,0,0,0,0,0,1,0,0,0,0,0,0,-180,1,0,0,0,0,1,-1,0,0,1,-1,0,0,0,1,1,-1,0,1,0,0,0,0,0,0,-1,0,0,0,0,-1,0,0,0,0,1,0,1,0,0,1,0,-12,-1,-1,0,0,0,0,0,-1,1,0,0
-2147483648,0,0,0,0,0,0,1800,0,0,-100,-90,0,-100,0,,0,1,-1,0,-1,0,0,-1,0,0,0,0,0,0,0,0,0,1,0,0,0,0,0,0,-180,1,0,0,0,0,1,-1,0,0,1,-1,0,0,0,1,1,-1,0,1,0,0,0,0,0,0,-1,0,0,0,0,-1,0,0,0,0,1,0,1,0,0,1,0,-12,-1,-1,0,0,0,0,0,-1,1,0,0
-2147483648,0,0,0,0,0,0,1800,0,0,-100,-90,0,-100,0,,0,1,-1,0,-1,0,0,-1,0,0,0,0,0,0,0,0,0,1,0,0,0,0,0,0,-180,1,0,0,0,0,1,-1,0,0,1,-1,0,0,0,1,1,-1,0,1,0,0,0,0,0,0,-1,0,0,0,0,-1,0,0,0,0,1,0,1,0,0,1,0,-12,-1,-1,0,0,0,0,0,-1,1,0,0
-2147483648,0,0,0,0,0,0,1800,0,0,-100,-90,0,-100,0,,0,1,-1,0,-1,0,0,-1,0,0,0,0,0,0,0,0,0,1,0,0,0,0,0,0,-180,1,0,0,0,0,1,-1,0,0,1,-1,0,0,0,1,1,-1,0,1,0,0,0,0,0,0,-1,0,0,0,0,-1,0,0,0,0,1,0,1,0,0,1,0,-12,-1,-1,0,0,0,0,0,-1,1,0,0
-2147483648,0,0,0,0,0,0,1800,0,0,-100,-90,0,-100,0,,0,1,-1,0,-1,0,0,-1,0,0,0,0,0,0,0,0,0,1,0,0,0,0,0,0,-180,1,0,0,0,0,1,-1,0,0,1,-1,0,0,0,1,1,-1,0,1,0,0,0,0,0,0,-1,0,0,0,0,-1,0,0,0,0,1,0,1,0,0,1,0,-12,-1,-1,0,0,0,0,0,-1,1,0,0
-2147483648,0,0,0,0,0,0,1800,0,0,-100,-90,0,-100,0,,0,1,-1,0,-1,0,0,-1,0,0,0,0,0,0,0,0,0,1,0,0,0,0,0,0,-180,1,0,0,0,0,1,-1,0,0,1,-1,0,0,0,1,1,-1,0,1,0,0,0,0,0,0,-1,0,0,0,0,-1,0,0,0,0,1,0,1,0,0,1,0,-12,-1,-1,0,0,0,0,0,-1,1,0,0
-2147483648,0,0,0,0,0,0,1800,0,0,-100,-90,0,-100,0,,0,1,-1,0,-1,0,0,-1,0,0,0,0,0,0,0,0,0,1,0,0,0,0,0,0,-180,1,0,0,0,0,1,-1,0,0,1,-1,0,0,0,1,1,-1,0,1,0,0,0,0,0,0,-1,0,0,0,0,-1,0,0,0,0,1,0,1,0,0,1,0,-12,-1,-1,0,0,0,0,0,-1,1,0,0
-2147483648,0,0,0,0,0,0,1800,0,0,-100,-90,0,-100,0,,0,1,-1,0,-1,0,0,-1,0,0,0,0,0,0,0,0,0,1,0,0,0,0,0,0,-180,1,0,0,0,0,1,-1,0,0,1,-1,0,0,0,1,1,-1,0,1,0,0,0,0,0,0,-1,0,0,0,0,-1,0,0,0,0,1,0,1,0,0,1,0,-12,-1,-1,0,0,0,0,0,-1,1,0,0
-2147483648,0,0,0,0,0,0,1800,0,0,-100,-90,0,-100,0,,0,1,-1,0,-1,0,0,-1,0,0,0,0,0,0,0,0,0,1,0,0,0,0,0,0,-180,1,0,0,0,0,1,-1,0,0,1,-1,0,0,0,1,1,-1,0,1,0,0,0,0,0,0,-1,0,0,0,0,-1,0,0,0,0,1,0,1,0,0,1,0,-12,-1,-1,0,0,0,0,0,-1,1,0,0
-2147483648,0,0,0,0,0,0,1800,0,0,-100,-90,0,-100,0,,0,1,-1,0,-1,0,0,-1,0,0,0,0,0,0,0,0,0,1,0,0,0,0,0,0,-180,1,0,0,0,0,1,-1,0,0,1,-1,0,0,0,1,1,-1,0,1,0,0,0,0,0,0,-1,0,0,0,0,-1,0,0,0,0,1,0,1,0,0,1,0,-12,-1,-1,0,0,0,0,0,-1,1,0,0
-2147483648,0,0,0,0,0,0,1800,0,0,-100,-90,0,-100,0,,0,1,-1,0,-1,0,0,-1,0,0,0,0,0,0,0,0,0,1,0,0,0,0,0,0,-180,1,0,0,0,0,1,-1,0,0,1,-1,0,0,0,1,1,-1,0,1,0,0,0,0,0,0,-1,0,0,0,0,-1,0,0,0,0,1,0,1,0,0,1,0,-12,-1,-1,0,0,0,0,0,-1,1,0,0
-2147483648,0,0,0,0,0,0,1800,0,0,-100,-90,0,-100,0,,0,1,-1,0,-1,0,0,-1,0,0,0,0,0,0,0,0,0,1,0,0,0,0,0,0,-180,1,0,0,0,0,1,-1,0,0,1,-1,0,0,0,1,1,-1,0,1,0,0,0,0,0,0,-1,0,0,0,0,-1,0,0,0,0,1,0,1,0,0,1,0,-12,-1,-1,0,0,0,0,0,-1,1,0,0
-2147483648,0,0,0,0,0,0,1800,0,0,-100,-90,0,-100,0,,0,1,-1,0,-1,0,0,-1,0,0,0,0,0,0,0,0,0,1,0,0,0,0,0,0,-180,1,0,0,0,0,1,-1,0,0,1,-1,0,0,0,1,1,-1,0,1,0,0,0,0,0,0,-1,0,0,0,0,-1,0,0,0,0,1,0,1,0,0,1,0,-12,-1,-1,0,0,0,0,0,-1,1,0,0
-2147483648,0,0,0,0,0,0,1800,0,0,-100,-90,0,-100,0,,0,1,-1,0,-1,0,0,-1,0,0,0,0,0,0,0,0,0,1,0,0,0,0,0,0,-180,1,0,0,0,0,1,-1,0,0,1,-1,0,0,0,1,1,-1,0,1,0,0,0,0,0,0,-1,0,0,0,0,-1,0,0,0,0,1,0,1,0,0,1,0,-12,-1,-1,0,0,0,0,0,-1,1,0,0
-2147483648,0,0,0,0,0,0,1800,0,0,-100,-90,0,-100,0,,0,1,-1,0,-1,0,0,-1,0,0,0,0,0,0,0,0,0,1,0,0,0,0,0,0,-180,1,0,0,0,0,1,-1,0,0,1,-1,0,0,0,1,1,-1,0,1,0,0,0,0,0,0,-1,0,0,0,0,-1,0,0,0,0,1,0,1,0,0,1,0,-12,-1,-1,0,0,0,0,0,-1,1,0,0
-2147483648,0,0,0,0,0,0,1800,0,0,-100,-90,0,-100,0,,0,1,-1,0,-1,0,0,-1,0,0,0,0,0,0,0,0,0,1,0,0,0,0,0,0,-180,1,0,0,0,0,1,-1,0,0,1,-1,0,0,0,1,1,-1,0,1,0,0,0,0,0,0,-1,0,0,0,0,-1,0,0,0,0,1,0,1,0,0,1,0,-12,-1,-1,0,0,0,0,0,-1,1,0,0
-2147483648,0,0,0,0,0,0,1800,0,0,-100,-90,0,-100,0,,0,1,-1,0,-1,0,0,-1,0,0,0,0,0,0,0,0,0,1,0,0,0,0,0,0,-180,1,0,0,0,0,1,-1,0,0,1,-1,0,0,0,1,1,-1,0,1,0,0,0,0,0,0,-1,0,0,0,0,-1,0,0,0,0,1,0,1,0,0,1,0,-12,-1,-1,0,0,0,0,0,-1,1,0,0
-2147483648,0,0,0,0,0,0,1800,0,0,-100,-90,0,-100,0,,0,1,-1,0,-1,0,0,-1,0,0,0,0,0,0,0,0,0,1,0,0,0,0,0,0,-180,1,0,0,0,0,1,-1,0,0,1,-1,0,0,0,1,1,-1,0,1,0,0,0,0,0,0,-1,0,0,0,0,-1,0,0,0,0,1,0,1,0,0,1,0,-12,-1,-1,0,0,0,0,0,-1,1,0,0
-2147483648,0,0,0,0,0,0,1800,0,0,-100,-90,0,-100,0,,0,1,-1,0,-1,0,0,-1,0,0,0,0,0,0,0,0,0,1,0,0,0,0,0,0,-180,1,0,0,0,0,1,-1,0,0,1,-1,0,0,0,1,1,-1,0,1,0,0,0,0,0,0,-1,0,0,0,0,-1,0,0,0,0,1,0,1,0,0,1,0,-12,-1,-1,0,0,0,0,0,-1,1,0,0
-2147483648,0,0,0,0,0,0,1800,0,0,-100,-90,0,-100,0,,0,1,-1,0,-1,0,0,-1,0,0,0,0,0,0,0,0,0,1,0,0,0,0,0,0,-180,1,0,0,0,0,1,-1,0,0,1,-1,0,0,0,1,1,-1,0,1,0,0,0,0,0,0,-1,0,0,0,0,-1,0,0,0,0,1,0,1,0,0,1,0,-12,-1,-1,0,0,0,0,0,-1,1,0,0
-2147483648,0,0,0,0,0,0,1800,0,0,-100,-90,0,-100,0,,0,1,-1,0,-1,0,0,-1,0,0,0,0,0,0,0,0,0,1,0,0,0,0,0,0,-180,1,0,0,0,0,1,-1,0,0,1,-1,0,0,0,1,1,-1,0,1,0,0,0,0,0,0,-1,0,0,0,0,-1,0,0,0,0,1,0,1,0,0,1,0,-12,-1,-1,0,0,0,0,0,-1,1,0,0
-2147483648,0,0,0,0,0,0,1800,0,0,-100,-90,0,-100,0,,0,1,-1,0,-1,0,0,-1,0,0,0,0,0,0,0,0,0,1,0,0,0,0,0,0,-180,1,0,0,0,0,1,-1,0,0,1,-1,0,0,0,1,1,-1,0,1,0,0,0,0,0,0,-1,0,0,0,0,-1,0,0,0,0,1,0,1,0,0,1,0,-12,-1,-1,0,0,0,0,0,-1,1,0,0
-2147483648,0,0,0,0,0,0,1800,0,0,-100,-90,0,-100,0,,0,1,-1,0,-1,0,0,-1,0,0,0,0,0,0,0,0,0,1,0,0,0,0,0,0,-180,1,0,0,0,0,1,-1,0,0,1,-1,0,0,0,1,1,-1,0,1,0,0,0,0,0,0,-1,0,0,0,0,-1,0,0,0,0,1,0,1,0,0,1,0,-12,-1,-1,0,0,0,0,0,-1,1,0,0
-2147483648,0,0,0,0,0,0,1800,0,0,-100,-90,0,-100,0,,0,1,-1,0,-1,0,0,-1,0,0,0,0,0,0,0,0,0,1,0,0,0,0,0,0,-180,1,0,0,0,0,1,-1,0,0,1,-1,0,0,0,1,1,-1,0,1,0,0,0,0,0,0,-1,0,0,0,0,-1,0,0,0,0,1,0,1,0,0,1,0,-12,-1,-1,0,0,0,0,0,-1,1,0,0
-2147483648,0,0,0,0,0,0,1800,0,0,-100,-90,0,-100,0,,0,1,-1,0,-1,0,0,-1,0,0,0,0,0,0,0,0,0,1,0,0,0,0,0,0,-180,1,0,0,0,0,1,-1,0,0,1,-1,0,0,0,1,1,-1,0,1,0,0,0,0,0,0,-1,0,0,0,0,-1,0,0,0,0,1,0,1,0,0,1,0,-12,-1,-1,0,0,0,0,0,-1,1,0,0
-2147483648,0,0,0,0,0,0,1800,0,0,-100,-90,0,-100,0,,0,1,-1,0,-1,0,0,-1,0,0,0,0,0,0,0,0,0,1,0,0,0,0,0,0,-180,1,0,0,0,0,1,-1,0,0,1,-1,0,0,0,1,1,-1,0,1,0,0,0,0,0,0,-1,0,0,0,0,-1,0,0,0,0,1,0,1,0,0,1,0,-12,-1,-1,0,0,0,0,0,-1,1,0,0
-2147483648,0,0,0,0,0,0,1800,0,0,-100,-90,0,-100,0,,0,1,-1,0,-1,0,0,-1,0,0,0,0,0,0,0,0,0,1,0,0,0,0,0,0,-180,1,0,0,0,0,1,-1,0,0,1,-1,0,0,0,1,1,-1,0,1,0,0,0,0,0,0,-1,0,0,0,0,-1,0,0,0,0,1,0,1,0,0,1,0,-12,-1,-1,0,0,0,0,0,-1,1,0,0
-2147483648,0,0,0,0,0,0,1800,0,0,-100,-90,0,-100,0,,0,1,-1,0,-1,0,0,-1,0,0,0,0,0,0,0,0,0,1,0,0,0,0,0,0,-180,1,0,0,0,0,1,-1,0,0,1,-1,0,0,0,1,1,-1,0,1,0,0,0,0,0,0,-1,0,0,0,0,-1,0,0,0,0,1,0,1,0,0,1,0,-12,-1,-1,0,0,0,0,0,-1,1,0,0
-2147483648,0,0,0,0,0,0,1800,0,0,-100,-90,0,-100,0,,0,1,-1,0,-1,0,0,-1,0,0,0,0,0,0,0,0,0,1,0,0,0,0,0,0,-180,1,0,0,0,0,1,-1,0,0,1,-1,0,0,0,1,1,-1,0,1,0,0,0,0,0,0,-1,0,0,0,0,-1,0,0,0,0,1,0,1,0,0,1,0,-12,-1,-1,0,0,0,0,0,-1,1,0,0
-2147483648,0,0,0,0,0,0,1800,0,0,-100,-90,0,-100,0,,0,1,-1,0,-1,0,0,-1,0,0,0,0,0,0,0,0,0,1,0,0,0,0,0,0,-180,1,0,0,0,0,1,-1,0,0,1,-1,0,0,0,1,1,-1,0,1,0,0,0,0,0,0,-1,0,0,0,0,-1,0,0,0,0,1,0,1,0,0,1,0,-12,-1,-1,0,0,0,0,0,-1,1,0,0
-2147483648,0,0,0,0,0,0,1800,0,0,-100,-90,0,-100,0,,0,1,-1,0,-1,0,0,-1,0,0,0,0,0,0,0,0,0,1,0,0,0,0,0,0,-180,1,0,0,0,0,1,-1,0,0,1,-1,0,0,0,1,1,-1,0,1,0,0,0,0,0,0,-1,0,0,0,0,-1,0,0,0,0,1,0,1,0,0,1,0,-12,-1,-1,0,0,0,0,0,-1,1,0,0
-2147483648,0,0,0,0,0,0,1800,0,0,-100,-90,0,-100,0,,0,1,-1,0,-1,0,0,-1,0,0,0,0,0,0,0,0,0,1,0,0,0,0,0,0,-180,1,0,0,0,0,1,-1,0,0,1,-1,0,0,0,1,1,-1,0,1,0,0,0,0,0,0,-1,0,0,0,0,-1,0,0,0,0,1,0,1,0,0,1,0,-12,-1,-1,0,0,0,0,0,-1,1,0,0
-2147483648,0,0,0,0,0,0,1800,0,0,-100,-90,0,-100,0,,0,1,-1,0,-1,0,0,-1,0,0,0,0,0,0,0,0,0,1,0,0,0,0,0,0,-180,1,0,0,0,0,1,-1,0,0,1,-1,0,0,0,1,1,-1,0,1,0,0,0,0,0,0,-1,0,0,0,0,-1,0,0,0,0,1,0,1,0,0,1,0,-12,-1,-1,0,0,0,0,0,-1,1,0,0
-2147483648,0,0,0,0,0,0,1800,0,0,-100,-90,0,-100,0,,0,1,-1,0,-1,0,0,-1,0,0,0,0,0,0,0,0,0,1,0,0,0,0,0,0,-180,1,0,0,0,0,1,-1,0,0,1,-1,0,0,0,1,1,-1,0,1,0,0,0,0,0,0,-1,0,0,0,0,-1,0,0,0,0,1,0,1,0,0,1,0,-12,-1,-1,0,0,0,0,0,-1,1,0,0
-2147483648,0,0,0,0,0,0,1800,0,0,-100,-90,0,-100,0,,0,1,-1,0,-1,0,0,-1,0,0,0,0,0,0,0,0,0,1,0,0,0,0,0,0,-180,1,0,0,0,0,1,-1,0,0,1,-1,0,0,0,1,1,-1,0,1,0,0,0,0,0,0,-1,0,0,0,0,-1,0,0,0,0,1,0,1,0,0,1,0,-12,-1,-1,0,0,0,0,0,-1,1,0,0
-2147483648,0,0,0,0,0,0,1800,0,0,-100,-90,0,-100,0,,0,1,-1,0,-1,0,0,-1,0,0,0,0,0,0,0,0,0,1,0,0,0,0,0,0,-180,1,0,0,0,0,1,-1,0,0,1,-1,0,0,0,1,1,-1,0,1,0,0,0,0,0,0,-1,0,0,0,0,-1,0,0,0,0,1,0,1,0,0,1,0,-12,-1,-1,0,0,0,0,0,-1,1,0,0
-2147483648,0,0,0,0,0,0,1800,0,0,-100,-90,0,-100,0,,0,1,-1,0,-1,0,0,-1,0,0,0,0,0,0,0,0,0,1,0,0,0,0,0,0,-180,1,0,0,0,0,1,-1,0,0,1,-1,0,0,0,1,1,-1,0,1,0,0,0,0,0,0,-1,0,0,0,0,-1,0,0,0,0,1,0,1,0,0,1,0,-12,-1,-1,0,0,0,0,0,-1,1,0,0
-2147483648,0,0,0,0,0,0,1800,0,0,-100,-90,0,-100,0,,0,1,-1,0,-1,0,0,-1,0,0,0,0,0,0,0,0,0,1,0,0,0,0,0,0,-180,1,0,0,0,0,1,-1,0,0,1,-1,0,0,0,1,1,-1,0,1,0,0,0,0,0,0,-1,0,0,0,0,-1,0,0,0,0,1,0,1,0,0,1,0,-12,-1,-1,0,0,0,0,0,-1,1,0,0
-2147483648,0,0,0,0,0,0,1800,0,0,-100,-90,0,-100,0,,0,1,-1,0,-1,0,0,-1,0,0,0,0,0,0,0,0,0,1,0,0,0,0,0,0,-180,1,0,0,0,0,1,-1,0,0,1,-1,0,0,0,1,1,-1,0,1,0,0,0,0,0,0,-1,0,0,0,0,-1,0,0,0,0,1,0,1,0,0,1,0,-12,-1,-1,0,0,0,0,0,-1,1,0,0
-2147483648,0,0,0,0,0,0,1800,0,0,-100,-90,0,-100,0,,0,1,-1,0,-1,0,0,-1,0,0,0,0,0,0,0,0,0,1,0,0,0,0,0,0,-180,1,0,0,0,0,1,-1,0,0,1,-1,0,0,0,1,1,-1,0,1,0,0,0,0,0,0,-1,0,0,0,0,-1,0,0,0,0,1,0,1,0,0,1,0,-12,-1,-1,0,0,0,0,0,-1,1,0,0
-2147483648,0,0,0,0,0,0,1800,0,0,-100,-90,0,-100,0,,0,1,-1,0,-1,0,0,-1,0,0,0,0,0,0,0,0,0,1,0,0,0,0,0,0,-180,1,0,0,0,0,1,-1,0,0,1,-1,0,0,0,1,1,-1,0,1,0,0,0,0,0,0,-1,0,0,0,0,-1,0,0,0,0,1,0,1,0,0,1,0,-12,-1,-1,0,0,0,0,0,-1,1,0,0
-2147483648,0,0,0,0,0,0,1800,0,0,-100,-90,0,-100,0,,0,1,-1,0,-1,0,0,-1,0,0,0,0,0,0,0,0,0,1,0,0,0,0,0,0,-180,1,0,0,0,0,1,-1,0,0,1,-1,0,0,0,1,1,-1,0,1,0,0,0,0,0,0,-1,0,0,0,0,-1,0,0,0,0,1,0,1,0,0,1,0,-12,-1,-1,0,0,0,0,0,-1,1,0,0
-2147483648,0,0,0,0,0,0,1800,0,0,-100,-90,0,-100,0,,0,1,-1,0,-1,0,0,-1,0,0,0,0,0,0,0,0,0,1,0,0,0,0,0,0,-180,1,0,0,0,0,1,-1,0,0,1,-1,0,0,0,1,1,-1,0,1,0,0,0,0,0,0,-1,0,0,0,0,-1,0,0,0,0,1,0,1,0,0,1,0,-12,-1,-1,0,0,0,0,0,-1,1,0,0
-2147483648,0,0,0,0,0,0,1800,0,0,-100,-90,0,-100,0,,0,1,-1,0,-1,0,0,-1,0,0,0,0,0,0,0,0,0,1,0,0,0,0,0,0,-180,1,0,0,0,0,1,-1,0,0,1,-1,0,0,0,1,1,-1,0,1,0,0,0,0,0,0,-1,0,0,0,0,-1,0,0,0,0,1,0,1,0,0,1,0,-12,-1,-1,0,0,0,0,0,-1,1,0,0
-2147483648,0,0,0,0,0,0,1800,0,0,-100,-90,0,-100,0,,0,1,-1,0,-1,0,0,-1,0,0,0,0,0,0,0,0,0,1,0,0,0,0,0,0,-180,1,0,0,0,0,1,-1,0,0,1,-1,0,0,0,1,1,-1,0,1,0,0,0,0,0,0,-1,0,0,0,0,-1,0,0,0,0,1,0,1,0,0,1,0,-12,-1,-1,0,0,0,0,0,-1,1,0,0
-2147483648,0,0,0,0,0,0,1800,0,0,-100,-90,0,-100,0,,0,1,-1,0,-1,0,0,-1,0,0,0,0,0,0,0,0,0,1,0,0,0,0,0,0,-180,1,0,0,0,0,1,-1,0,0,1,-1,0,0,0,1,1,-1,0,1,0,0,0,0,0,0,-1,0,0,0,0,-1,0,0,0,0,1,0,1,0,0,1,0,-12,-1,-1,0,0,0,0,0,-1,1,0,0
-2147483648,0,0,0,0,0,0,1800,0,0,-100,-90,0,-100,0,,0,1,-1,0,-1,0,0,-1,0,0,0,0,0,0,0,0,0,1,0,0,0,0,0,0,-180,1,0,0,0,0,1,-1,0,0,1,-1,0,0,0,1,1,-1,0,1,0,0,0,0,0,0,-1,0,0,0,0,-1,0,0,0,0,1,0,1,0,0,1,0,-12,-1,-1,0,0,0,0,0,-1,1,0,0
-2147483648,0,0,0,0,0,0,1800,0,0,-100,-90,0,-100,0,,0,1,-1,0,-1,0,0,-1,0,0,0,0,0,0,0,0,0,1,0,0,0,0,0,0,-180,1,0,0,0,0,1,-1,0,0,1,-1,0,0,0,1,1,-1,0,1,0,0,0,0,0,0,-1,0,0,0,0,-1,0,0,0,0,1,0,1,0,0,1,0,-12,-1,-1,0,0,0,0,0,-1,1,0,0
-2147483648,0,0,0,0,0,0,1800,0,0,-100,-90,0,-100,0,,0,1,-1,0,-1,0,0,-1,0,0,0,0,0,0,0,0,0,1,0,0,0,0,0,0,-180,1,0,0,0,0,1,-1,0,0,1,-1,0,0,0,1,1,-1,0,1,0,0,0,0,0,0,-1,0,0,0,0,-1,0,0,0,0,1,0,1,0,0,1,0,-12,-1,-1,0,0,0,0,0,-1,1,0,0
-2147483648,0,0,0,0,0,0,1800,0,0,-100,-90,0,-100,0,,0,1,-1,0,-1,0,0,-1,0,0,0,0,0,0,0,0,0,1,0,0,0,0,0,0,-180,1,0,0,0,0,1,-1,0,0,1,-1,0,0,0,1,1,-1,0,1,0,0,0,0,0,0,-1,0,0,0,0,-1,0,0,0,0,1,0,1,0,0,1,0,-12,-1,-1,0,0,0,0,0,-1,1,0,0
-2147483648,0,0,0,0,0,0,1800,0,0,-100,-90,0,-100,0,,0,1,-1,0,-1,0,0,-1,0,0,0,0,0,0,0,0,0,1,0,0,0,0,0,0,-180,1,0,0,0,0,1,-1,0,0,1,-1,0,0,0,1,1,-1,0,1,0,0,0,0,0,0,-1,0,0,0,0,-1,0,0,0,0,1,0,1,0,0,1,0,-12,-1,-1,0,0,0,0,0,-1,1,0,0
-2147483648,0,0,0,0,0,0,1800,0,0,-100,-90,0,-100,0,,0,1,-1,0,-1,0,0,-1,0,0,0,0,0,0,0,0,0,1,0,0,0,0,0,0,-180,1,0,0,0,0,1,-1,0,0,1,-1,0,0,0,1,1,-1,0,1,0,0,0,0,0,0,-1,0,0,0,0,-1,0,0,0,0,1,0,1,0,0,1,0,-12,-1,-1,0,0,0,0,0,-1,1,0,0
-2147483648,0,0,0,0,0,0,1800,0,0,-100,-90,0,-100,0,,0,1,-1,0,-1,0,0,-1,0,0,0,0,0,0,0,0,0,1,0,0,0,0,0,0,-180,1,0,0,0,0,1,-1,0,0,1,-1,0,0,0,1,1,-1,0,1,0,0,0,0,0,0,-1,0,0,0,0,-1,0,0,0,0,1,0,1,0,0,1,0,-12,-1,-1,0,0,0,0,0,-1,1,0,0
-2147483648,0,0,0,0,0,0,1800,0,0,-100,-90,0,-100,0,,0,1,-1,0,-1,0,0,-1,0,0,0,0,0,0,0,0,0,1,0,0,0,0,0,0,-180,1,0,0,0,0,1,-1,0,0,1,-1,0,0,0,1,1,-1,0,1,0,0,0,0,0,0,-1,0,0,0,0,-1,0,0,0,0,1,0,1,0,0,1,0,-12,-1,-1,0,0,0,0,0,-1,1,0,0
-2147483648,0,0,0,0,0,0,1800,0,0,-100,-90,0,-100,0,,0,1,-1,0,-1,0,0,-1,0,0,0,0,0,0,0,0,0,1,0,0,0,0,0,0,-180,1,0,0,0,0,1,-1,0,0,1,-1,0,0,0,1,1,-1,0,1,0,0,0,0,0,0,-1,0,0,0,0,-1,0,0,0,0,1,0,1,0,0,1,0,-12,-1,-1,0,0,0,0,0,-1,1,0,0
-2147483648,0,0,0,0,0,0,1800,0,0,-100,-90,0,-100,0,,0,1,-1,0,-1,0,0,-1,0,0,0,0,0,0,0,0,0,1,0,0,0,0,0,0,-180,1,0,0,0,0,1,-1,0,0,1,-1,0,0,0,1,1,-1,0,1,0,0,0,0,0,0,-1,0,0,0,0,-1,0,0,0,0,1,0,1,0,0,1,0,-12,-1,-1,0,0,0,0,0,-1,1,0,0
-2147483648,0,0,0,0,0,0,1800,0,0,-100,-90,0,-100,0,,0,1,-1,0,-1,0,0,-1,0,0,0,0,0,0,0,0,0,1,0,0,0,0,0,0,-180,1,0,0,0,0,1,-1,0,0,1,-1,0,0,0,1,1,-1,0,1,0,0,0,0,0,0,-1,0,0,0,0,-1,0,0,0,0,1,0,1,0,0,1,0,-12,-1,-1,0,0,0,0,0,-1,1,0,0
-2147483648,0,0,0,0,0,0,1800,0,0,-100,-90,0,-100,0,,0,1,-1,0,-1,0,0,-1,0,0,0,0,0,0,0,0,0,1,0,0,0,0,0,0,-180,1,0,0,0,0,1,-1,0,0,1,-1,0,0,0,1,1,-1,0,1,0,0,0,0,0,0,-1,0,0,0,0,-1,0,0,0,0,1,0,1,0,0,1,0,-12,-1,-1,0,0,0,0,0,-1,1,0,0
-2147483648,0,0,0,0,0,0,1800,0,0,-100,-90,0,-100,0,,0,1,-1,0,-1,0,0,-1,0,0,0,0,0,0,0,0,0,1,0,0,0,0,0,0,-180,1,0,0,0,0,1,-1,0,0,1,-1,0,0,0,1,1,-1,0,1,0,0,0,0,0,0,-1,0,0,0,0,-1,0,0,0,0,1,0,1,0,0,1,0,-12,-1,-1,0,0,0,0,0,-1,1,0,0
-2147483648,0,0,0,0,0,0,1800,0,0,-100,-90,0,-100,0,,0,1,-1,0,-1,0,0,-1,0,0,0,0,0,0,0,0,0,1,0,0,0,0,0,0,-180,1,0,0,0,0,1,-1,0,0,1,-1,0,0,0,1,1,-1,0,1,0,0,0,0,0,0,-1,0,0,0,0,-1,0,0,0,0,1,0,1,0,0,1,0,-12,-1,-1,0,0,0,0,0,-1,1,0,0
-2147483648,0,0,0,0,0,0,1800,0,0,-100,-90,0,-100,0,,0,1,-1,0,-1,0,0,-1,0,0,0,0,0,0,0,0,0,1,0,0,0,0,0,0,-180,1,0,0,0,0,1,-1,0,0,1,-1,0,0,0,1,1,-1,0,1,0,0,0,0,0,0,-1,0,0,0,0,-1,0,0,0,0,1,0,1,0,0,1,0,-12,-1,-1,0,0,0,0,0,-1,1,0,0
-2147483648,0,0,0,0,0,0,1800,0,0,-100,-90,0,-100,0,,0,1,-1,0,-1,0,0,-1,0,0,0,0,0,0,0,0,0,1,0,0,0,0,0,0,-180,1,0,0,0,0,1,-1,0,0,1,-1,0,0,0,1,1,-1,0,1,0,0,0,0,0,0,-1,0,0,0,0,-1,0,0,0,0,1,0,1,0,0,1,0,-12,-1,-1,0,0,0,0,0,-1,1,0,0
-2147483648,0,0,0,0,0,0,1800,0,0,-100,-90,0,-100,0,,0,1,-1,0,-1,0,0,-1,0,0,0,0,0,0,0,0,0,1,0,0,0,0,0,0,-180,1,0,0,0,0,1,-1,0,0,1,-1,0,0,0,1,1,-1,0,1,0,0,0,0,0,0,-1,0,0,0,0,-1,0,0,0,0,1,0,1,0,0,1,0,-12,-1,-1,0,0,0,0,0,-1,1,0,0
-2147483648,0,0,0,0,0,0,1800,0,0,-100,-90,0,-100,0,,0,1,-1,0,-1,0,0,-1,0,0,0,0,0,0,0,0,0,1,0,0,0,0,0,0,-180,1,0,0,0,0,1,-1,0,0,1,-1,0,0,0,1,1,-1,0,1,0,0,0,0,0,0,-1,0,0,0,0,-1,0,0,0,0,1,0,1,0,0,1,0,-12,-1,-1,0,0,0,0,0,-1,1,0,0
-2147483648,0,0,0,0,0,0,1800,0,0,-100,-90,0,-100,0,,0,1,-1,0,-1,0,0,-1,0,0,0,0,0,0,0,0,0,1,0,0,0,0,0,0,-180,1,0,0,0,0,1,-1,0,0,1,-1,0,0,0,1,1,-1,0,1,0,0,0,0,0,0,-1,0,0,0,0,-1,0,0,0,0,1,0,1,0,0,1,0,-12,-1,-1,0,0,0,0,0,-1,1,0,0
-2147483648,0,0,0,0,0,0,1800,0,0,-100,-90,0,-100,0,,0,1,-1,0,-1,0,0,-1,0,0,0,0,0,0,0,0,0,1,0,0,0,0,0,0,-180,1,0,0,0,0,1,-1,0,0,1,-1,0,0,0,1,1,-1,0,1,0,0,0,0,0,0,-1,0,0,0,0,-1,0,0,0,0,1,0,1,0,0,1,0,-12,-1,-1,0,0,0,0,0,-1,1,0,0
-2147483648,0,0,0,0,0,0,1800,0,0,-100,-90,0,-100,0,,0,1,-1,0,-1,0,0,-1,0,0,0,0,0,0,0,0,0,1,0,0,0,0,0,0,-180,1,0,0,0,0,1,-1,0,0,1,-1,0,0,0,1,1,-1,0,1,0,0,0,0,0,0,-1,0,0,0,0,-1,0,0,0,0,1,0,1,0,0,1,0,-12,-1,-1,0,0,0,0,0,-1,1,0,0
-2147483648,0,0,0,0,0,0,1800,0,0,-100,-90,0,-100,0,,0,1,-1,0,-1,0,0,-1,0,0,0,0,0,0,0,0,0,1,0,0,0,0,0,0,-180,1,0,0,0,0,1,-1,0,0,1,-1,0,0,0,1,1,-1,0,1,0,0,0,0,0,0,-1,0,0,0,0,-1,0,0,0,0,1,0,1,0,0,1,0,-12,-1,-1,0,0,0,0,0,-1,1,0,0
-2147483648,0,0,0,0,0,0,1800,0,0,-100,-90,0,-100,0,,0,1,-1,0,-1,0,0,-1,0,0,0,0,0,0,0,0,0,1,0,0,0,0,0,0,-180,1,0,0,0,0,1,-1,0,0,1,-1,0,0,0,1,1,-1,0,1,0,0,0,0,0,0,-1,0,0,0,0,-1,0,0,0,0,1,0,1,0,0,1,0,-12,-1,-1,0,0,0,0,0,-1,1,0,0
-2147483648,0,0,0,0,0,0,1800,0,0,-100,-90,0,-100,0,,0,1,-1,0,-1,0,0,-1,0,0,0,0,0,0,0,0,0,1,0,0,0,0,0,0,-180,1,0,0,0,0,1,-1,0,0,1,-1,0,0,0,1,1,-1,0,1,0,0,0,0,0,0,-1,0,0,0,0,-1,0,0,0,0,1,0,1,0,0,1,0,-12,-1,-1,0,0,0,0,0,-1,1,0,0
-2147483648,0,0,0,0,0,0,1800,0,0,-100,-90,0,-100,0,,0,1,-1,0,-1,0,0,-1,0,0,0,0,0,0,0,0,0,1,0,0,0,0,0,0,-180,1,0,0,0,0,1,-1,0,0,1,-1,0,0,0,1,1,-1,0,1,0,0,0,0,0,0,-1,0,0,0,0,-1,0,0,0,0,1,0,1,0,0,1,0,-12,-1,-1,0,0,0,0,0,-1,1,0,0
-2147483648,0,0,0,0,0,0,1800,0,0,-100,-90,0,-100,0,,0,1,-1,0,-1,0,0,-1,0,0,0,0,0,0,0,0,0,1,0,0,0,0,0,0,-180,1,0,0,0,0,1,-1,0,0,1,-1,0,0,0,1,1,-1,0,1,0,0,0,0,0,0,-1,0,0,0,0,-1,0,0,0,0,1,0,1,0,0,1,0,-12,-1,-1,0,0,0,0,0,-1,1,0,0
-2147483648,0,0,0,0,0,0,1800,0,0,-100,-90,0,-100,0,,0,1,-1,0,-1,0,0,-1,0,0,0,0,0,0,0,0,0,1,0,0,0,0,0,0,-180,1,0,0,0,0,1,-1,0,0,1,-1,0,0,0,1,1,-1,0,1,0,0,0,0,0,0,-1,0,0,0,0,-1,0,0,0,0,1,0,1,0,0,1,0,-12,-1,-1,0,0,0,0,0,-1,1,0,0
-2147483648,0,0,0,0,0,0,1800,0,0,-100,-90,0,-100,0,,0,1,-1,0,-1,0,0,-1,0,0,0,0,0,0,0,0,0,1,0,0,0,0,0,0,-180,1,0,0,0,0,1,-1,0,0,1,-1,0,0,0,1,1,-1,0,1,0,0,0,0,0,0,-1,0,0,0,0,-1,0,0,0,0,1,0,1,0,0,1,0,-12,-1,-1,0,0,0,0,0,-1,1,0,0
-2147483648,0,0,0,0,0,0,1800,0,0,-100,-90,0,-100,0,,0,1,-1,0,-1,0,0,-1,0,0,0,0,0,0,0,0,0,1,0,0,0,0,0,0,-180,1,0,0,0,0,1,-1,0,0,1,-1,0,0,0,1,1,-1,0,1,0,0,0,0,0,0,-1,0,0,0,0,-1,0,0,0,0,1,0,1,0,0,1,0,-12,-1,-1,0,0,0,0,0,-1,1,0,0
-2147483648,0,0,0,0,0,0,1800,0,0,-100,-90,0,-100,0,,0,1,-1,0,-1,0,0,-1,0,0,0,0,0,0,0,0,0,1,0,0,0,0,0,0,-180,1,0,0,0,0,1,-1,0,0,1,-1,0,0,0,1,1,-1,0,1,0,0,0,0,0,0,-1,0,0,0,0,-1,0,0,0,0,1,0,1,0,0,1,0,-12,-1,-1,0,0,0,0,0,-1,1,0,0
-2147483648,0,0,0,0,0,0,1800,0,0,-100,-90,0,-100,0,,0,1,-1,0,-1,0,0,-1,0,0,0,0,0,0,0,0,0,1,0,0,0,0,0,0,-180,1,0,0,0,0,1,-1,0,0,1,-1,0,0,0,1,1,-1,0,1,0,0,0,0,0,0,-1,0,0,0,0,-1,0,0,0,0,1,0,1,0,0,1,0,-12,-1,-1,0,0,0,0,0,-1,1,0,0
-2147483648,0,0,0,0,0,0,1800,0,0,-100,-90,0,-100,0,,0,1,-1,0,-1,0,0,-1,0,0,0,0,0,0,0,0,0,1,0,0,0,0,0,0,-180,1,0,0,0,0,1,-1,0,0,1,-1,0,0,0,1,1,-1,0,1,0,0,0,0,0,0,-1,0,0,0,0,-1,0,0,0,0,1,0,1,0,0,1,0,-12,-1,-1,0,0,0,0,0,-1,1,0,0
-2147483648,0,0,0,0,0,0,1800,0,0,-100,-90,0,-100,0,,0,1,-1,0,-1,0,0,-1,0,0,0,0,0,0,0,0,0,1,0,0,0,0,0,0,-180,1,0,0,0,0,1,-1,0,0,1,-1,0,0,0,1,1,-1,0,1,0,0,0,0,0,0,-1,0,0,0,0,-1,0,0,0,0,1,0,1,0,0,1,0,-12,-1,-1,0,0,0,0,0,-1,1,0,0
